Language,AverageShortestPathLength,AverageShortestPathLength,AverageShortestPathLength,AverageShortestPathLength,AverageShortestPathLength,AverageShortestPathLength,AverageShortestPathLength,AverageShortestPathLength,AverageShortestPathLength,AverageShortestPathLength,AverageShortestPathLength,AverageShortestPathLength,AverageShortestPathLength,AverageShortestPathLength,AverageShortestPathLength,AverageShortestPathLength,AverageShortestPathLength,AverageShortestPathLength,AverageShortestPathLength,AverageShortestPathLength,AverageShortestPathLength,AverageShortestPathLength,AverageShortestPathLength,AverageShortestPathLength,AverageShortestPathLength,AverageShortestPathLength,AverageShortestPathLength,AverageShortestPathLength,AverageShortestPathLength,AverageShortestPathLength,AverageShortestPathLength,AverageShortestPathLength,AverageShortestPathLength,AverageShortestPathLength,AverageShortestPathLength,AverageShortestPathLength,AverageShortestPathLength,AverageShortestPathLength,AverageShortestPathLength,AverageShortestPathLength,AverageShortestPathLength,AverageShortestPathLength,AverageShortestPathLength,AverageShortestPathLength,AverageShortestPathLength,AverageShortestPathLength,AverageShortestPathLength,AverageShortestPathLength,BetweennessCentrality,BetweennessCentrality,BetweennessCentrality,BetweennessCentrality,BetweennessCentrality,BetweennessCentrality,BetweennessCentrality,BetweennessCentrality,BetweennessCentrality,BetweennessCentrality,BetweennessCentrality,BetweennessCentrality,BetweennessCentrality,BetweennessCentrality,BetweennessCentrality,BetweennessCentrality,BetweennessCentrality,BetweennessCentrality,BetweennessCentrality,BetweennessCentrality,BetweennessCentrality,BetweennessCentrality,BetweennessCentrality,BetweennessCentrality,BetweennessCentrality,BetweennessCentrality,BetweennessCentrality,BetweennessCentrality,BetweennessCentrality,BetweennessCentrality,BetweennessCentrality,BetweennessCentrality,BetweennessCentrality,BetweennessCentrality,BetweennessCentrality,BetweennessCentrality,BetweennessCentrality,BetweennessCentrality,BetweennessCentrality,BetweennessCentrality,BetweennessCentrality,BetweennessCentrality,BetweennessCentrality,BetweennessCentrality,BetweennessCentrality,BetweennessCentrality,BetweennessCentrality,BetweennessCentrality,ClosenessCentrality,ClosenessCentrality,ClosenessCentrality,ClosenessCentrality,ClosenessCentrality,ClosenessCentrality,ClosenessCentrality,ClosenessCentrality,ClosenessCentrality,ClosenessCentrality,ClosenessCentrality,ClosenessCentrality,ClosenessCentrality,ClosenessCentrality,ClosenessCentrality,ClosenessCentrality,ClosenessCentrality,ClosenessCentrality,ClosenessCentrality,ClosenessCentrality,ClosenessCentrality,ClosenessCentrality,ClosenessCentrality,ClosenessCentrality,ClosenessCentrality,ClosenessCentrality,ClosenessCentrality,ClosenessCentrality,ClosenessCentrality,ClosenessCentrality,ClosenessCentrality,ClosenessCentrality,ClosenessCentrality,ClosenessCentrality,ClosenessCentrality,ClosenessCentrality,ClosenessCentrality,ClosenessCentrality,ClosenessCentrality,ClosenessCentrality,ClosenessCentrality,ClosenessCentrality,ClosenessCentrality,ClosenessCentrality,ClosenessCentrality,ClosenessCentrality,ClosenessCentrality,ClosenessCentrality,ClusteringCoefficient,ClusteringCoefficient,ClusteringCoefficient,ClusteringCoefficient,ClusteringCoefficient,ClusteringCoefficient,ClusteringCoefficient,ClusteringCoefficient,ClusteringCoefficient,ClusteringCoefficient,ClusteringCoefficient,ClusteringCoefficient,ClusteringCoefficient,ClusteringCoefficient,ClusteringCoefficient,ClusteringCoefficient,ClusteringCoefficient,ClusteringCoefficient,ClusteringCoefficient,ClusteringCoefficient,ClusteringCoefficient,ClusteringCoefficient,ClusteringCoefficient,ClusteringCoefficient,ClusteringCoefficient,ClusteringCoefficient,ClusteringCoefficient,ClusteringCoefficient,ClusteringCoefficient,ClusteringCoefficient,ClusteringCoefficient,ClusteringCoefficient,ClusteringCoefficient,ClusteringCoefficient,ClusteringCoefficient,ClusteringCoefficient,ClusteringCoefficient,ClusteringCoefficient,ClusteringCoefficient,ClusteringCoefficient,ClusteringCoefficient,ClusteringCoefficient,ClusteringCoefficient,ClusteringCoefficient,ClusteringCoefficient,ClusteringCoefficient,ClusteringCoefficient,ClusteringCoefficient,Eccentricity,Eccentricity,Eccentricity,Eccentricity,Eccentricity,Eccentricity,Eccentricity,Eccentricity,Eccentricity,Eccentricity,Eccentricity,Eccentricity,Eccentricity,Eccentricity,Eccentricity,Eccentricity,Eccentricity,Eccentricity,Eccentricity,Eccentricity,Eccentricity,Eccentricity,Eccentricity,Eccentricity,Eccentricity,Eccentricity,Eccentricity,Eccentricity,Eccentricity,Eccentricity,Eccentricity,Eccentricity,Eccentricity,Eccentricity,Eccentricity,Eccentricity,Eccentricity,Eccentricity,Eccentricity,Eccentricity,Eccentricity,Eccentricity,Eccentricity,Eccentricity,Eccentricity,Eccentricity,Eccentricity,Eccentricity,EdgeCount,EdgeCount,EdgeCount,EdgeCount,EdgeCount,EdgeCount,EdgeCount,EdgeCount,EdgeCount,EdgeCount,EdgeCount,EdgeCount,EdgeCount,EdgeCount,EdgeCount,EdgeCount,EdgeCount,EdgeCount,EdgeCount,EdgeCount,EdgeCount,EdgeCount,EdgeCount,EdgeCount,EdgeCount,EdgeCount,EdgeCount,EdgeCount,EdgeCount,EdgeCount,EdgeCount,EdgeCount,EdgeCount,EdgeCount,EdgeCount,EdgeCount,EdgeCount,EdgeCount,EdgeCount,EdgeCount,EdgeCount,EdgeCount,EdgeCount,EdgeCount,EdgeCount,EdgeCount,EdgeCount,EdgeCount,Indegree,Indegree,Indegree,Indegree,Indegree,Indegree,Indegree,Indegree,Indegree,Indegree,Indegree,Indegree,Indegree,Indegree,Indegree,Indegree,Indegree,Indegree,Indegree,Indegree,Indegree,Indegree,Indegree,Indegree,Indegree,Indegree,Indegree,Indegree,Indegree,Indegree,Indegree,Indegree,Indegree,Indegree,Indegree,Indegree,Indegree,Indegree,Indegree,Indegree,Indegree,Indegree,Indegree,Indegree,Indegree,Indegree,Indegree,Indegree,IsSingleNode,IsSingleNode,IsSingleNode,IsSingleNode,IsSingleNode,IsSingleNode,IsSingleNode,IsSingleNode,IsSingleNode,IsSingleNode,IsSingleNode,IsSingleNode,IsSingleNode,IsSingleNode,IsSingleNode,IsSingleNode,IsSingleNode,IsSingleNode,IsSingleNode,IsSingleNode,IsSingleNode,IsSingleNode,IsSingleNode,IsSingleNode,IsSingleNode,IsSingleNode,IsSingleNode,IsSingleNode,IsSingleNode,IsSingleNode,IsSingleNode,IsSingleNode,IsSingleNode,IsSingleNode,IsSingleNode,IsSingleNode,IsSingleNode,IsSingleNode,IsSingleNode,IsSingleNode,IsSingleNode,IsSingleNode,IsSingleNode,IsSingleNode,IsSingleNode,IsSingleNode,IsSingleNode,IsSingleNode,NeighborhoodConnectivity,NeighborhoodConnectivity,NeighborhoodConnectivity,NeighborhoodConnectivity,NeighborhoodConnectivity,NeighborhoodConnectivity,NeighborhoodConnectivity,NeighborhoodConnectivity,NeighborhoodConnectivity,NeighborhoodConnectivity,NeighborhoodConnectivity,NeighborhoodConnectivity,NeighborhoodConnectivity,NeighborhoodConnectivity,NeighborhoodConnectivity,NeighborhoodConnectivity,NeighborhoodConnectivity,NeighborhoodConnectivity,NeighborhoodConnectivity,NeighborhoodConnectivity,NeighborhoodConnectivity,NeighborhoodConnectivity,NeighborhoodConnectivity,NeighborhoodConnectivity,NeighborhoodConnectivity,NeighborhoodConnectivity,NeighborhoodConnectivity,NeighborhoodConnectivity,NeighborhoodConnectivity,NeighborhoodConnectivity,NeighborhoodConnectivity,NeighborhoodConnectivity,NeighborhoodConnectivity,NeighborhoodConnectivity,NeighborhoodConnectivity,NeighborhoodConnectivity,NeighborhoodConnectivity,NeighborhoodConnectivity,NeighborhoodConnectivity,NeighborhoodConnectivity,NeighborhoodConnectivity,NeighborhoodConnectivity,NeighborhoodConnectivity,NeighborhoodConnectivity,NeighborhoodConnectivity,NeighborhoodConnectivity,NeighborhoodConnectivity,NeighborhoodConnectivity,Outdegree,Outdegree,Outdegree,Outdegree,Outdegree,Outdegree,Outdegree,Outdegree,Outdegree,Outdegree,Outdegree,Outdegree,Outdegree,Outdegree,Outdegree,Outdegree,Outdegree,Outdegree,Outdegree,Outdegree,Outdegree,Outdegree,Outdegree,Outdegree,Outdegree,Outdegree,Outdegree,Outdegree,Outdegree,Outdegree,Outdegree,Outdegree,Outdegree,Outdegree,Outdegree,Outdegree,Outdegree,Outdegree,Outdegree,Outdegree,Outdegree,Outdegree,Outdegree,Outdegree,Outdegree,Outdegree,Outdegree,Outdegree,PartnerOfMultiEdgedNodePairs,PartnerOfMultiEdgedNodePairs,PartnerOfMultiEdgedNodePairs,PartnerOfMultiEdgedNodePairs,PartnerOfMultiEdgedNodePairs,PartnerOfMultiEdgedNodePairs,PartnerOfMultiEdgedNodePairs,PartnerOfMultiEdgedNodePairs,PartnerOfMultiEdgedNodePairs,PartnerOfMultiEdgedNodePairs,PartnerOfMultiEdgedNodePairs,PartnerOfMultiEdgedNodePairs,PartnerOfMultiEdgedNodePairs,PartnerOfMultiEdgedNodePairs,PartnerOfMultiEdgedNodePairs,PartnerOfMultiEdgedNodePairs,PartnerOfMultiEdgedNodePairs,PartnerOfMultiEdgedNodePairs,PartnerOfMultiEdgedNodePairs,PartnerOfMultiEdgedNodePairs,PartnerOfMultiEdgedNodePairs,PartnerOfMultiEdgedNodePairs,PartnerOfMultiEdgedNodePairs,PartnerOfMultiEdgedNodePairs,PartnerOfMultiEdgedNodePairs,PartnerOfMultiEdgedNodePairs,PartnerOfMultiEdgedNodePairs,PartnerOfMultiEdgedNodePairs,PartnerOfMultiEdgedNodePairs,PartnerOfMultiEdgedNodePairs,PartnerOfMultiEdgedNodePairs,PartnerOfMultiEdgedNodePairs,PartnerOfMultiEdgedNodePairs,PartnerOfMultiEdgedNodePairs,PartnerOfMultiEdgedNodePairs,PartnerOfMultiEdgedNodePairs,PartnerOfMultiEdgedNodePairs,PartnerOfMultiEdgedNodePairs,PartnerOfMultiEdgedNodePairs,PartnerOfMultiEdgedNodePairs,PartnerOfMultiEdgedNodePairs,PartnerOfMultiEdgedNodePairs,PartnerOfMultiEdgedNodePairs,PartnerOfMultiEdgedNodePairs,PartnerOfMultiEdgedNodePairs,PartnerOfMultiEdgedNodePairs,PartnerOfMultiEdgedNodePairs,PartnerOfMultiEdgedNodePairs,SelfLoops,SelfLoops,SelfLoops,SelfLoops,SelfLoops,SelfLoops,SelfLoops,SelfLoops,SelfLoops,SelfLoops,SelfLoops,SelfLoops,SelfLoops,SelfLoops,SelfLoops,SelfLoops,SelfLoops,SelfLoops,SelfLoops,SelfLoops,SelfLoops,SelfLoops,SelfLoops,SelfLoops,SelfLoops,SelfLoops,SelfLoops,SelfLoops,SelfLoops,SelfLoops,SelfLoops,SelfLoops,SelfLoops,SelfLoops,SelfLoops,SelfLoops,SelfLoops,SelfLoops,SelfLoops,SelfLoops,SelfLoops,SelfLoops,SelfLoops,SelfLoops,SelfLoops,SelfLoops,SelfLoops,SelfLoops,Stress,Stress,Stress,Stress,Stress,Stress,Stress,Stress,Stress,Stress,Stress,Stress,Stress,Stress,Stress,Stress,Stress,Stress,Stress,Stress,Stress,Stress,Stress,Stress,Stress,Stress,Stress,Stress,Stress,Stress,Stress,Stress,Stress,Stress,Stress,Stress,Stress,Stress,Stress,Stress,Stress,Stress,Stress,Stress,Stress,Stress,Stress,Stress
,SV,VS,OV,VO,VI,IV,SOV,SVO,VOS,VSO,OSV,OVS,ISV,IVS,VSI,VIS,SIV,SVI,OVI,OIV,IVO,IOV,VIO,VOI,SVOI,SVIO,SIVO,SIOV,SOIV,SOVI,OVSI,OVIS,OIVS,OISV,OSIV,OSVI,IVSO,IVOS,ISVO,ISOV,IOSV,IOVS,VSOI,VSIO,VISO,VIOS,VOSI,VOIS,SV,VS,OV,VO,VI,IV,SOV,SVO,VOS,VSO,OSV,OVS,ISV,IVS,VSI,VIS,SIV,SVI,OVI,OIV,IVO,IOV,VIO,VOI,SVOI,SVIO,SIVO,SIOV,SOIV,SOVI,OVSI,OVIS,OIVS,OISV,OSIV,OSVI,IVSO,IVOS,ISVO,ISOV,IOSV,IOVS,VSOI,VSIO,VISO,VIOS,VOSI,VOIS,SV,VS,OV,VO,VI,IV,SOV,SVO,VOS,VSO,OSV,OVS,ISV,IVS,VSI,VIS,SIV,SVI,OVI,OIV,IVO,IOV,VIO,VOI,SVOI,SVIO,SIVO,SIOV,SOIV,SOVI,OVSI,OVIS,OIVS,OISV,OSIV,OSVI,IVSO,IVOS,ISVO,ISOV,IOSV,IOVS,VSOI,VSIO,VISO,VIOS,VOSI,VOIS,SV,VS,OV,VO,VI,IV,SOV,SVO,VOS,VSO,OSV,OVS,ISV,IVS,VSI,VIS,SIV,SVI,OVI,OIV,IVO,IOV,VIO,VOI,SVOI,SVIO,SIVO,SIOV,SOIV,SOVI,OVSI,OVIS,OIVS,OISV,OSIV,OSVI,IVSO,IVOS,ISVO,ISOV,IOSV,IOVS,VSOI,VSIO,VISO,VIOS,VOSI,VOIS,SV,VS,OV,VO,VI,IV,SOV,SVO,VOS,VSO,OSV,OVS,ISV,IVS,VSI,VIS,SIV,SVI,OVI,OIV,IVO,IOV,VIO,VOI,SVOI,SVIO,SIVO,SIOV,SOIV,SOVI,OVSI,OVIS,OIVS,OISV,OSIV,OSVI,IVSO,IVOS,ISVO,ISOV,IOSV,IOVS,VSOI,VSIO,VISO,VIOS,VOSI,VOIS,SV,VS,OV,VO,VI,IV,SOV,SVO,VOS,VSO,OSV,OVS,ISV,IVS,VSI,VIS,SIV,SVI,OVI,OIV,IVO,IOV,VIO,VOI,SVOI,SVIO,SIVO,SIOV,SOIV,SOVI,OVSI,OVIS,OIVS,OISV,OSIV,OSVI,IVSO,IVOS,ISVO,ISOV,IOSV,IOVS,VSOI,VSIO,VISO,VIOS,VOSI,VOIS,SV,VS,OV,VO,VI,IV,SOV,SVO,VOS,VSO,OSV,OVS,ISV,IVS,VSI,VIS,SIV,SVI,OVI,OIV,IVO,IOV,VIO,VOI,SVOI,SVIO,SIVO,SIOV,SOIV,SOVI,OVSI,OVIS,OIVS,OISV,OSIV,OSVI,IVSO,IVOS,ISVO,ISOV,IOSV,IOVS,VSOI,VSIO,VISO,VIOS,VOSI,VOIS,SV,VS,OV,VO,VI,IV,SOV,SVO,VOS,VSO,OSV,OVS,ISV,IVS,VSI,VIS,SIV,SVI,OVI,OIV,IVO,IOV,VIO,VOI,SVOI,SVIO,SIVO,SIOV,SOIV,SOVI,OVSI,OVIS,OIVS,OISV,OSIV,OSVI,IVSO,IVOS,ISVO,ISOV,IOSV,IOVS,VSOI,VSIO,VISO,VIOS,VOSI,VOIS,SV,VS,OV,VO,VI,IV,SOV,SVO,VOS,VSO,OSV,OVS,ISV,IVS,VSI,VIS,SIV,SVI,OVI,OIV,IVO,IOV,VIO,VOI,SVOI,SVIO,SIVO,SIOV,SOIV,SOVI,OVSI,OVIS,OIVS,OISV,OSIV,OSVI,IVSO,IVOS,ISVO,ISOV,IOSV,IOVS,VSOI,VSIO,VISO,VIOS,VOSI,VOIS,SV,VS,OV,VO,VI,IV,SOV,SVO,VOS,VSO,OSV,OVS,ISV,IVS,VSI,VIS,SIV,SVI,OVI,OIV,IVO,IOV,VIO,VOI,SVOI,SVIO,SIVO,SIOV,SOIV,SOVI,OVSI,OVIS,OIVS,OISV,OSIV,OSVI,IVSO,IVOS,ISVO,ISOV,IOSV,IOVS,VSOI,VSIO,VISO,VIOS,VOSI,VOIS,SV,VS,OV,VO,VI,IV,SOV,SVO,VOS,VSO,OSV,OVS,ISV,IVS,VSI,VIS,SIV,SVI,OVI,OIV,IVO,IOV,VIO,VOI,SVOI,SVIO,SIVO,SIOV,SOIV,SOVI,OVSI,OVIS,OIVS,OISV,OSIV,OSVI,IVSO,IVOS,ISVO,ISOV,IOSV,IOVS,VSOI,VSIO,VISO,VIOS,VOSI,VOIS,SV,VS,OV,VO,VI,IV,SOV,SVO,VOS,VSO,OSV,OVS,ISV,IVS,VSI,VIS,SIV,SVI,OVI,OIV,IVO,IOV,VIO,VOI,SVOI,SVIO,SIVO,SIOV,SOIV,SOVI,OVSI,OVIS,OIVS,OISV,OSIV,OSVI,IVSO,IVOS,ISVO,ISOV,IOSV,IOVS,VSOI,VSIO,VISO,VIOS,VOSI,VOIS,SV,VS,OV,VO,VI,IV,SOV,SVO,VOS,VSO,OSV,OVS,ISV,IVS,VSI,VIS,SIV,SVI,OVI,OIV,IVO,IOV,VIO,VOI,SVOI,SVIO,SIVO,SIOV,SOIV,SOVI,OVSI,OVIS,OIVS,OISV,OSIV,OSVI,IVSO,IVOS,ISVO,ISOV,IOSV,IOVS,VSOI,VSIO,VISO,VIOS,VOSI,VOIS
Ancient_Greek,2.76909337,3.17102473,2.9348239,2.74316109,3.20759756,3.49574561,2.79029369,2.61243214,3.27658414,3.17742023,3.10776519,3.21965035,3.33642514,3.18766712,3.41012492,3.37530689,3.17182131,3.01265271,3.33360607,3.57478038,3.26895386,3.42332024,3.07821534,3.19678123,3.01827505,2.93496645,2.86305854,3.28617416,3.2246958,3.05073927,3.49137837,3.55713818,3.53045187,3.74268719,3.53465401,3.313871,3.64611187,3.51478935,3.24547042,3.37828696,3.4460573,3.58726261,3.44455359,3.19591792,3.39963982,3.62628247,3.53989304,3.95836062,0,0,0,0,0,0,0,0,0,0,0,0,0,0,0,0,0,0,0,0,0,0,0,0,0,0,0,0,0,0,0,0,0,0,0,0,0,0,0,0,0,0,0,0,0,0,0,0,0.36112903,0.31535547,0.34073595,0.36454294,0.31175981,0.28606201,0.35838521,0.38278506,0.30519589,0.31472073,0.32177463,0.31059273,0.299722,0.31370904,0.29324439,0.29626936,0.31527627,0.33193338,0.29997546,0.27973746,0.30590826,0.29211407,0.32486356,0.31281465,0.33131507,0.3407194,0.34927683,0.30430524,0.31010677,0.3277894,0.28641983,0.28112487,0.28324986,0.26718771,0.28291312,0.3017619,0.27426476,0.28451207,0.30812174,0.29600801,0.2901867,0.27876409,0.29031338,0.31289915,0.29414881,0.27576451,0.28249441,0.25262984,0.0021228,0.00043648,0.00091799,0.00413344,0.00184854,0.00090457,0.00264913,0.00780656,0.00148093,0.00414334,0.00128639,0.00060592,0.00264271,0.01428571,0.0015015,0.00378788,0.00396709,0.00699617,0.00057078,0.00123153,0.00498339,0.0018797,0.02004662,0.01372549,0.01919192,0.02805544,0.03121099,0.00146113,0.01036585,0.00772686,0,0,0.00909091,0,0.00952381,0.00320513,0,0,0.0137931,0.00225225,0.01102941,0,0.00549451,0.09150327,0.03571429,0.05,0,0,8,9,9,8,9,9,9,8,9,8,9,9,9,8,9,9,9,8,9,9,9,9,8,8,8,8,8,9,9,8,9,9,9,9,9,9,9,9,9,9,9,9,9,9,9,9,9,10,693,267,515,510,130,67,534,620,74,95,211,163,44,21,37,33,83,170,73,29,43,57,66,51,100,123,90,59,41,106,20,14,11,8,15,40,12,10,30,37,17,20,14,18,8,5,11,6,0,0,0,0,0,0,0,0,0,0,0,0,0,0,0,0,0,0,0,0,0,0,0,0,0,0,0,0,0,0,0,0,0,0,0,0,0,0,0,0,0,0,0,0,0,0,0,0,FALSE,FALSE,FALSE,FALSE,FALSE,FALSE,FALSE,FALSE,FALSE,FALSE,FALSE,FALSE,FALSE,FALSE,FALSE,FALSE,FALSE,FALSE,FALSE,FALSE,FALSE,FALSE,FALSE,FALSE,FALSE,FALSE,FALSE,FALSE,FALSE,FALSE,FALSE,FALSE,FALSE,FALSE,FALSE,FALSE,FALSE,FALSE,FALSE,FALSE,FALSE,FALSE,FALSE,FALSE,FALSE,FALSE,FALSE,FALSE,40.75324675,19.47191011,28.4,52.19411765,33.32307692,18.70149254,48.73970037,73.80806452,36.93243243,51.23157895,34.67772512,27.63803681,51.81818182,148.6666667,37.2972973,46.36363636,70.06024096,65.98823529,30.15068493,25.68965517,53.53488372,29.77192982,105.2727273,87.94117647,107.44,124.0162602,157.1888889,54.57627119,90.04878049,77.20754717,47.3,60.07142857,73.81818182,44.125,56.06666667,59.65,40,75.5,108.5333333,61.08108108,72.70588235,36.4,76.42857143,195.6111111,146.75,90.4,52.90909091,30.33333333,693,267,515,510,130,67,534,620,74,95,211,163,44,21,37,33,83,170,73,29,43,57,66,51,100,123,90,59,41,106,20,14,11,8,15,40,12,10,30,37,17,20,14,18,8,5,11,6,0,0,0,0,0,0,0,0,0,0,0,0,0,0,0,0,0,0,0,0,0,0,0,0,0,0,0,0,0,0,0,0,0,0,0,0,0,0,0,0,0,0,0,0,0,0,0,0,0,0,0,0,0,0,0,0,0,0,0,0,0,0,0,0,0,0,0,0,0,0,0,0,0,0,0,0,0,0,0,0,0,0,0,0,0,0,0,0,0,0,0,0,0,0,0,0,0,0,0,0,0,0,0,0,0,0,0,0,0,0,0,0,0,0,0,0,0,0,0,0,0,0,0,0,0,0,0,0,0,0,0,0,0,0,0,0,0,0,0,0,0,0,0,0
Arabic,3.79175237,3.83313265,5.3753136,3.83579095,4.92995836,,,3.712258,4.41685901,3.83399388,5.3753136,,,,4.2777722,,,4.6064924,,,,,4.71660813,4.84269945,4.15353738,4.37534494,,,,,4.31600602,,,,,,,,,,,,4.37636729,4.50687406,4.83296538,,4.81565479,,0,0,0,0,0,,,0,0,0,0,,,,0,,,0,,,,,0,0,0,0,,,,,0,,,,,,,,,,,,0,0,0,,0,,0.2637303,0.26088322,0.18603566,0.26070242,0.20284147,,,0.26937783,0.22640523,0.26082462,0.18603566,,,,0.23376654,,,0.21708491,,,,,0.21201677,0.2064964,0.24075864,0.22855341,,,,,0.23169569,,,,,,,,,,,,0.22850002,0.22188328,0.2069123,,0.20765608,,0.00371648,0.00478342,0,0.00236904,0,,,0.00637574,0.00088652,0.01063155,0,,,,0.10714286,,,0.00641026,,,,,0,0,0.01298701,0.025,,,,,0,,,,,,,,,,,,0.08333333,0.05,0,,0,,12,12,14,12,13,,,12,13,12,14,,,,13,,,13,,,,,13,13,12,13,,,,,13,,,,,,,,,,,,13,13,13,,13,,274,213,1,262,6,,,360,48,138,1,,,,8,,,13,,,,,6,3,22,16,,,,,1,,,,,,,,,,,,9,5,2,,3,,0,0,0,0,0,,,0,0,0,0,,,,0,,,0,,,,,0,0,0,0,,,,,0,,,,,,,,,,,,0,0,0,,0,,FALSE,FALSE,FALSE,FALSE,FALSE,,,FALSE,FALSE,FALSE,FALSE,,,,FALSE,,,FALSE,,,,,FALSE,FALSE,FALSE,FALSE,,,,,FALSE,,,,,,,,,,,,FALSE,FALSE,FALSE,,FALSE,,48.82846715,45.28638498,10,33.90839695,9,,,59.23333333,24.95833333,64.57246377,10,,,,236.125,,,32.15384615,,,,,40.33333333,16.66666667,74.27272727,100.5,,,,,1300,,,,,,,,,,,,134.1111111,125.2,37,,27.66666667,,274,213,1,262,6,,,360,48,138,1,,,,8,,,13,,,,,6,3,22,16,,,,,1,,,,,,,,,,,,9,5,2,,3,,0,0,0,0,0,,,0,0,0,0,,,,0,,,0,,,,,0,0,0,0,,,,,0,,,,,,,,,,,,0,0,0,,0,,0,0,0,0,0,,,0,0,0,0,,,,0,,,0,,,,,0,0,0,0,,,,,0,,,,,,,,,,,,0,0,0,,0,,0,0,0,0,0,,,0,0,0,0,,,,0,,,0,,,,,0,0,0,0,,,,,0,,,,,,,,,,,,0,0,0,,0,
Basque,2.77637922,3.44980781,3.01376229,3.20500447,3.63629855,3.46334258,2.79117542,2.87145794,3.70864662,3.39643752,3.25002238,3.07888382,3.87081468,3.55782313,3.85211709,,3.26076448,3.46061583,3.78692927,3.78818263,3.81548791,3.74046553,,,3.25980304,3.13731985,3.18612355,3.12871464,3.35810206,3.19776186,3.68961504,3.43321397,3.19409132,3.85774396,3.79059982,3.67520143,3.53921218,3.64726947,3.68248143,3.47636526,3.75935542,3.66615936,3.51472563,,,3.74377798,,,0,0,0,0,0,0,0,0,0,0,0,0,0,0,0,,0,0,0,0,0,0,,,0,0,0,0,0,0,0,0,0,0,0,0,0,0,0,0,0,0,0,,,0,,,0.36018134,0.28987122,0.33181117,0.31201205,0.27500492,0.2887384,0.358272,0.34825514,0.26964014,0.29442614,0.30769019,0.32479303,0.25834355,0.28107075,0.25959751,,0.30667655,0.28896591,0.26406619,0.26397882,0.26208968,0.2673464,,,0.306767,0.3187434,0.31386102,0.31962007,0.29778726,0.31271872,0.27103099,0.29127226,0.31307809,0.25921886,0.26381049,0.27209393,0.28254876,0.27417771,0.27155602,0.28765677,0.26600305,0.27276501,0.28451723,,,0.26710986,,,0.00900474,0.00089127,0.00609524,0.02179487,0,0,0.01208336,0.02545761,0,0.01818182,0.00530612,0.02051282,0,0,0,,0.02857143,0.00416667,0,0,0,0,,,0.13888889,0.16666667,0.10989011,0.08333333,0.02083333,0.04285714,0,0,0.5,0,0,0.03333333,0,0,0,0.01111111,0,0,0,,,0,,,7,8,8,8,8,8,8,7,8,8,8,8,8,8,9,,8,8,8,8,8,8,,,8,7,8,8,8,8,8,8,8,8,8,8,8,8,8,8,8,8,8,,,8,,,211,34,126,40,9,14,179,98,5,11,50,40,3,5,2,,21,16,5,3,3,9,,,9,3,14,12,16,21,5,2,2,2,2,6,3,1,6,10,4,5,3,,,1,,,0,0,0,0,0,0,0,0,0,0,0,0,0,0,0,,0,0,0,0,0,0,,,0,0,0,0,0,0,0,0,0,0,0,0,0,0,0,0,0,0,0,,,0,,,FALSE,FALSE,FALSE,FALSE,FALSE,FALSE,FALSE,FALSE,FALSE,FALSE,FALSE,FALSE,FALSE,FALSE,FALSE,,FALSE,FALSE,FALSE,FALSE,FALSE,FALSE,,,FALSE,FALSE,FALSE,FALSE,FALSE,FALSE,FALSE,FALSE,FALSE,FALSE,FALSE,FALSE,FALSE,FALSE,FALSE,FALSE,FALSE,FALSE,FALSE,,,FALSE,,,51.61611374,21.47058824,37.46825397,58.1,25.22222222,32.35714286,61.65921788,81.04081633,33.4,82.45454545,42.42,81.525,31,43.4,27,,76.57142857,47.6875,17,43,36,31.22222222,,,172.3333333,554.6666667,168,182.5833333,68.625,113.4285714,27,256,876,49.5,78.5,38.33333333,136,112,33.5,66.2,42,50,140,,,93,,,211,34,126,40,9,14,179,98,5,11,50,40,3,5,2,,21,16,5,3,3,9,,,9,3,14,12,16,21,5,2,2,2,2,6,3,1,6,10,4,5,3,,,1,,,0,0,0,0,0,0,0,0,0,0,0,0,0,0,0,,0,0,0,0,0,0,,,0,0,0,0,0,0,0,0,0,0,0,0,0,0,0,0,0,0,0,,,0,,,0,0,0,0,0,0,0,0,0,0,0,0,0,0,0,,0,0,0,0,0,0,,,0,0,0,0,0,0,0,0,0,0,0,0,0,0,0,0,0,0,0,,,0,,,0,0,0,0,0,0,0,0,0,0,0,0,0,0,0,,0,0,0,0,0,0,,,0,0,0,0,0,0,0,0,0,0,0,0,0,0,0,0,0,0,0,,,0,,
Bulgarian,3.17868556,3.43499649,4.03513246,2.97399494,3.35417108,4.20591154,3.74699136,2.75770006,3.65019847,3.29817358,3.85828669,3.74235561,4.17755088,3.83097395,3.77571418,4.24041392,4.19335176,2.98755245,4.26363185,5.18136038,4.18914894,,3.68078014,3.62685933,2.95887507,3.22996812,3.76155373,4.90580892,5.0112774,3.75223309,4.75565643,4.8128236,4.34922772,4.84708135,4.82197319,3.82873555,3.80580183,3.83998865,3.99056804,,,3.90027642,3.65901035,3.81736293,4.60153202,4.86240159,4.41634158,4.86672814,0,0,0,0,0,0,0,0,0,0,0,0,0,0,0,0,0,0,0,0,0,,0,0,0,0,0,0,0,0,0,0,0,0,0,0,0,0,0,,,0,0,0,0,0,0,0,0.31459545,0.29112111,0.24782334,0.33624805,0.29813625,0.23776059,0.26688079,0.36262102,0.27395771,0.30319811,0.2591824,0.26721138,0.2393747,0.26103023,0.26485056,0.23582603,0.23847272,0.33472216,0.23454183,0.19299951,0.23871197,,0.27168154,0.27572065,0.33796628,0.30960058,0.26584759,0.20383998,0.19954992,0.26650796,0.21027591,0.20777824,0.22992588,0.20630972,0.20738398,0.26118283,0.26275672,0.26041744,0.25059089,,,0.25639208,0.27329794,0.26196094,0.21731893,0.20565969,0.22643176,0.20547686,0.0003407,0.00052179,0.00046296,0.00178444,0.00128185,0,0.0005472,0.00125626,0.0045977,0.00864198,0.00197628,0.00079365,0,0.00071124,0.00229885,0,0,0.00113372,0,0,0,,0.0015873,0.00104493,0.00410004,0.00420107,0,0,0,0,0,0,0,0,0,0,0,0,0.00641026,,,0,0.00865801,0.01111111,0,0,0,0,8,7,9,8,8,9,8,7,9,7,9,8,9,9,9,9,9,7,9,10,8,,8,9,8,8,9,10,10,9,10,10,9,10,10,8,8,9,8,,,9,9,8,9,10,10,10,457,181,81,468,198,19,86,740,30,81,23,36,11,38,30,17,20,438,30,1,14,,36,88,271,118,27,3,1,44,2,2,3,1,1,18,16,5,13,,,4,22,10,1,1,4,1,0,0,0,0,0,0,0,0,0,0,0,0,0,0,0,0,0,0,0,0,0,,0,0,0,0,0,0,0,0,0,0,0,0,0,0,0,0,0,,,0,0,0,0,0,0,0,FALSE,FALSE,FALSE,FALSE,FALSE,FALSE,FALSE,FALSE,FALSE,FALSE,FALSE,FALSE,FALSE,FALSE,FALSE,FALSE,FALSE,FALSE,FALSE,FALSE,FALSE,,FALSE,FALSE,FALSE,FALSE,FALSE,FALSE,FALSE,FALSE,FALSE,FALSE,FALSE,FALSE,FALSE,FALSE,FALSE,FALSE,FALSE,,,FALSE,FALSE,FALSE,FALSE,FALSE,FALSE,FALSE,13.1356674,12.94475138,8.209876543,21.84401709,17.1010101,10.42105263,13.52325581,25.13243243,33.36666667,45.11111111,23.39130435,19.61111111,16.90909091,13.97368421,29.46666667,13.47058824,14.35,22.33789954,11.66666667,11,17.64285714,,28.61111111,19.60227273,40.60147601,40.83898305,29.07407407,17.66666667,15,24,33.5,20.5,24.33333333,23,36,33.38888889,38.25,90.8,26,,,69.5,50.63636364,63.7,41,36,33,17,457,181,81,468,198,19,86,740,30,81,23,36,11,38,30,17,20,438,30,1,14,,36,88,271,118,27,3,1,44,2,2,3,1,1,18,16,5,13,,,4,22,10,1,1,4,1,0,0,0,0,0,0,0,0,0,0,0,0,0,0,0,0,0,0,0,0,0,,0,0,0,0,0,0,0,0,0,0,0,0,0,0,0,0,0,,,0,0,0,0,0,0,0,0,0,0,0,0,0,0,0,0,0,0,0,0,0,0,0,0,0,0,0,0,,0,0,0,0,0,0,0,0,0,0,0,0,0,0,0,0,0,,,0,0,0,0,0,0,0,0,0,0,0,0,0,0,0,0,0,0,0,0,0,0,0,0,0,0,0,0,,0,0,0,0,0,0,0,0,0,0,0,0,0,0,0,0,0,,,0,0,0,0,0,0,0
Catalan,2.77637922,3.44980781,3.01376229,3.20500447,3.63629855,3.46334258,2.79117542,2.87145794,3.70864662,3.39643752,3.25002238,3.07888382,3.87081468,3.55782313,3.85211709,,3.26076448,3.46061583,3.78692927,3.78818263,3.81548791,3.74046553,,,3.25980304,3.13731985,3.18612355,3.12871464,3.35810206,3.19776186,3.68961504,3.43321397,3.19409132,3.85774396,3.79059982,3.67520143,3.53921218,3.64726947,3.68248143,3.47636526,3.75935542,3.66615936,3.51472563,,,3.74377798,,,0,0,0,0,0,0,0,0,0,0,0,0,0,0,0,,0,0,0,0,0,0,,,0,0,0,0,0,0,0,0,0,0,0,0,0,0,0,0,0,0,0,,,0,,,0.36018134,0.28987122,0.33181117,0.31201205,0.27500492,0.2887384,0.358272,0.34825514,0.26964014,0.29442614,0.30769019,0.32479303,0.25834355,0.28107075,0.25959751,,0.30667655,0.28896591,0.26406619,0.26397882,0.26208968,0.2673464,,,0.306767,0.3187434,0.31386102,0.31962007,0.29778726,0.31271872,0.27103099,0.29127226,0.31307809,0.25921886,0.26381049,0.27209393,0.28254876,0.27417771,0.27155602,0.28765677,0.26600305,0.27276501,0.28451723,,,0.26710986,,,0.00900474,0.00089127,0.00609524,0.02179487,0,0,0.01208336,0.02545761,0,0.01818182,0.00530612,0.02051282,0,0,0,,0.02857143,0.00416667,0,0,0,0,,,0.13888889,0.16666667,0.10989011,0.08333333,0.02083333,0.04285714,0,0,0.5,0,0,0.03333333,0,0,0,0.01111111,0,0,0,,,0,,,7,8,8,8,8,8,8,7,8,8,8,8,8,8,9,,8,8,8,8,8,8,,,8,7,8,8,8,8,8,8,8,8,8,8,8,8,8,8,8,8,8,,,8,,,211,34,126,40,9,14,179,98,5,11,50,40,3,5,2,,21,16,5,3,3,9,,,9,3,14,12,16,21,5,2,2,2,2,6,3,1,6,10,4,5,3,,,1,,,0,0,0,0,0,0,0,0,0,0,0,0,0,0,0,,0,0,0,0,0,0,,,0,0,0,0,0,0,0,0,0,0,0,0,0,0,0,0,0,0,0,,,0,,,FALSE,FALSE,FALSE,FALSE,FALSE,FALSE,FALSE,FALSE,FALSE,FALSE,FALSE,FALSE,FALSE,FALSE,FALSE,,FALSE,FALSE,FALSE,FALSE,FALSE,FALSE,,,FALSE,FALSE,FALSE,FALSE,FALSE,FALSE,FALSE,FALSE,FALSE,FALSE,FALSE,FALSE,FALSE,FALSE,FALSE,FALSE,FALSE,FALSE,FALSE,,,FALSE,,,51.61611374,21.47058824,37.46825397,58.1,25.22222222,32.35714286,61.65921788,81.04081633,33.4,82.45454545,42.42,81.525,31,43.4,27,,76.57142857,47.6875,17,43,36,31.22222222,,,172.3333333,554.6666667,168,182.5833333,68.625,113.4285714,27,256,876,49.5,78.5,38.33333333,136,112,33.5,66.2,42,50,140,,,93,,,211,34,126,40,9,14,179,98,5,11,50,40,3,5,2,,21,16,5,3,3,9,,,9,3,14,12,16,21,5,2,2,2,2,6,3,1,6,10,4,5,3,,,1,,,0,0,0,0,0,0,0,0,0,0,0,0,0,0,0,,0,0,0,0,0,0,,,0,0,0,0,0,0,0,0,0,0,0,0,0,0,0,0,0,0,0,,,0,,,0,0,0,0,0,0,0,0,0,0,0,0,0,0,0,,0,0,0,0,0,0,,,0,0,0,0,0,0,0,0,0,0,0,0,0,0,0,0,0,0,0,,,0,,,0,0,0,0,0,0,0,0,0,0,0,0,0,0,0,,0,0,0,0,0,0,,,0,0,0,0,0,0,0,0,0,0,0,0,0,0,0,0,0,0,0,,,0,,
Chinese,3.64195728,,3.66392356,3.21755203,4.24591888,4.5002972,3.84138814,3.00869249,,,4.04192192,,5.13566529,,,,4.56115404,3.6602954,4.33865216,,3.80317301,4.2527779,4.5754264,4.63670035,3.97965156,3.70021492,3.84867459,4.00530431,5.63775207,5.32987334,,,,,,4.41327907,,,3.79654353,,4.2527779,,,,,,,,0,,0,0,0,0,0,0,,,0,,0,,,,0,0,0,,0,0,0,0,0,0,0,0,0,0,,,,,,0,,,0,,0,,,,,,,,0.27457763,,0.27293146,0.31079529,0.23552028,0.22220755,0.26032256,0.33237029,,,0.24740706,,0.19471674,,,,0.21924276,0.27320199,0.23048633,,0.26293834,0.23514042,0.21855886,0.21567061,0.25127828,0.27025457,0.25982971,0.24966892,0.17737566,0.18762172,,,,,,0.22658889,,,0.26339748,,0.23514042,,,,,,,,0.00138793,,0.01,0.00498556,0,0,0.0047619,0.00774578,,,0,,0,,,,0,0.02614379,0.01785714,,0.01666667,0,0,0,0.04761905,0.07142857,0.00789474,0,0,0,,,,,,0,,,0.02205882,,0,,,,,,,,8,,9,8,9,9,8,8,,,9,,10,,,,9,9,9,,8,9,9,10,9,9,8,9,10,10,,,,,,9,,,8,,9,,,,,,,,132,,25,147,5,3,15,266,,,9,,2,,,,5,18,8,,16,1,2,2,7,7,20,3,1,3,,,,,,1,,,17,,1,,,,,,,,0,,0,0,0,0,0,0,,,0,,0,,,,0,0,0,,0,0,0,0,0,0,0,0,0,0,,,,,,0,,,0,,0,,,,,,,,FALSE,,FALSE,FALSE,FALSE,FALSE,FALSE,FALSE,,,FALSE,,FALSE,,,,FALSE,FALSE,FALSE,,FALSE,FALSE,FALSE,FALSE,FALSE,FALSE,FALSE,FALSE,FALSE,FALSE,,,,,,FALSE,,,FALSE,,FALSE,,,,,,,,18.68181818,,64.88,44.46938776,36.6,38.66666667,64.86666667,48.27443609,,,38.77777778,,6,,,,22.2,77.55555556,20.75,,53.625,115,21.5,53.5,64.14285714,168.1428571,40.1,162.6666667,9,15,,,,,,89,,,62.17647059,,115,,,,,,,,132,,25,147,5,3,15,266,,,9,,2,,,,5,18,8,,16,1,2,2,7,7,20,3,1,3,,,,,,1,,,17,,1,,,,,,,,0,,0,0,0,0,0,0,,,0,,0,,,,0,0,0,,0,0,0,0,0,0,0,0,0,0,,,,,,0,,,0,,0,,,,,,,,0,,0,0,0,0,0,0,,,0,,0,,,,0,0,0,,0,0,0,0,0,0,0,0,0,0,,,,,,0,,,0,,0,,,,,,,,0,,0,0,0,0,0,0,,,0,,0,,,,0,0,0,,0,0,0,0,0,0,0,0,0,0,,,,,,0,,,0,,0,,,,,,,
Croatian,3.08290398,3.49244602,3.70981069,3.24227557,3.66874346,3.56468,3.42285565,2.85366361,3.87948906,3.36206084,3.79406376,3.77680674,4.05618978,3.57983765,3.68812192,3.95402419,3.8529381,3.48830516,4.15521575,4.39734995,4.1459468,4.64062009,4.24372872,4.12961994,3.4148435,3.4501335,3.44838963,3.76716418,4.43956217,3.6404106,3.68822328,4.62888866,3.56457526,4.26322405,4.14789986,3.72343545,3.81517754,,3.66600335,4.4828742,4.76002933,4.36095108,3.8118257,3.70770923,3.90222059,,4.39080339,,0,0,0,0,0,0,0,0,0,0,0,0,0,0,0,0,0,0,0,0,0,0,0,0,0,0,0,0,0,0,0,0,0,0,0,0,0,,0,0,0,0,0,0,0,,0,,0.32436949,0.28633227,0.26955553,0.30842536,0.27257289,0.28053009,0.29215372,0.35042673,0.2577659,0.29743662,0.26356963,0.26477394,0.24653679,0.27934228,0.27114071,0.2529069,0.25954219,0.28667217,0.24066139,0.22740969,0.24119943,0.21548844,0.23564183,0.24215303,0.29283919,0.28984386,0.28999043,0.26545166,0.22524744,0.27469429,0.27113326,0.21603458,0.28053833,0.23456426,0.24108586,0.26856918,0.262111,,0.27277662,0.22307117,0.21008274,0.22930778,0.26234148,0.26970831,0.25626434,,0.22774875,,0.00120905,0.00069228,9.34E-05,0.00131269,0.01428571,0.15,0.00070922,0.00209004,0,0.01636905,0,0.00025602,0.01098901,0.08333333,0,0,0.02777778,0.01374113,0.00238095,0,0,0,0,0,0.00280899,0.01572618,0.00680272,0.03333333,0,0.00229885,0,0,0.05,0,0,0.00757576,0,,0.00344828,0,0,0,0,0.04761905,0.16666667,,0,,7,8,8,8,8,8,8,8,9,8,9,9,9,8,8,9,8,8,9,9,9,9,9,9,8,8,8,8,9,8,8,9,8,9,9,8,8,,8,9,9,9,8,8,8,,9,,399,108,104,334,15,5,141,687,27,64,57,63,14,4,8,3,9,48,21,3,12,1,7,18,89,47,49,6,3,30,8,2,5,2,1,12,6,,30,3,1,3,7,7,3,,2,,0,0,0,0,0,0,0,0,0,0,0,0,0,0,0,0,0,0,0,0,0,0,0,0,0,0,0,0,0,0,0,0,0,0,0,0,0,,0,0,0,0,0,0,0,,0,,FALSE,FALSE,FALSE,FALSE,FALSE,FALSE,FALSE,FALSE,FALSE,FALSE,FALSE,FALSE,FALSE,FALSE,FALSE,FALSE,FALSE,FALSE,FALSE,FALSE,FALSE,FALSE,FALSE,FALSE,FALSE,FALSE,FALSE,FALSE,FALSE,FALSE,FALSE,FALSE,FALSE,FALSE,FALSE,FALSE,FALSE,,FALSE,FALSE,FALSE,FALSE,FALSE,FALSE,FALSE,,FALSE,,27.5037594,23.06481481,14.89423077,19.98203593,67.53333333,274.6,26.72340426,34.53129549,24.51851852,66.078125,17.26315789,16.11111111,21.57142857,294,100.25,97,78.33333333,53.83333333,15.47619048,24.33333333,20.25,15,20.42857143,11.77777778,41.1011236,65.34042553,56.10204082,142.3333333,17.66666667,46.16666667,98.25,11,250,49,174,65.08333333,130.6666667,,44.33333333,20,36,40.33333333,82,116.8571429,136,,49.5,,399,108,104,334,15,5,141,687,27,64,57,63,14,4,8,3,9,48,21,3,12,1,7,18,89,47,49,6,3,30,8,2,5,2,1,12,6,,30,3,1,3,7,7,3,,2,,0,0,0,0,0,0,0,0,0,0,0,0,0,0,0,0,0,0,0,0,0,0,0,0,0,0,0,0,0,0,0,0,0,0,0,0,0,,0,0,0,0,0,0,0,,0,,0,0,0,0,0,0,0,0,0,0,0,0,0,0,0,0,0,0,0,0,0,0,0,0,0,0,0,0,0,0,0,0,0,0,0,0,0,,0,0,0,0,0,0,0,,0,,0,0,0,0,0,0,0,0,0,0,0,0,0,0,0,0,0,0,0,0,0,0,0,0,0,0,0,0,0,0,0,0,0,0,0,0,0,,0,0,0,0,0,0,0,,0,
Czech,2.98583827,3.02474408,3.26942258,2.95034129,3.29597385,3.41662214,3.2655543,2.90188881,3.21973912,3.10207738,3.37327928,3.38104813,3.82518626,3.43444092,3.49698227,3.34953318,3.61997422,3.46287564,3.78073622,4.3682374,3.4581513,3.92156801,3.39611492,3.56786747,3.40275376,3.27578186,3.37741246,4.2159316,4.50561127,3.54306551,3.74119015,3.95158907,4.07044733,,,3.51397315,3.40944956,3.836063,3.62497249,4.18550187,4.37845399,3.89997171,4.18047216,3.20621797,3.33604728,3.77363176,3.74628273,3.85416994,0,0,0,0,0,0,0,0,0,0,0,0,0,0,0,0,0,0,0,0,0,0,0,0,0,0,0,0,0,0,0,0,0,,,0,0,0,0,0,0,0,0,0,0,0,0,0,0.33491432,0.33060648,0.30586441,0.33894384,0.30340047,0.29268674,0.30622673,0.34460314,0.31058417,0.32236462,0.29644744,0.29576627,0.26142518,0.29116821,0.28596084,0.29854907,0.27624506,0.28877733,0.26449875,0.22892529,0.28917185,0.25500004,0.29445411,0.28027947,0.29387962,0.30527063,0.29608465,0.2371955,0.22194547,0.28224146,0.26729462,0.25306275,0.24567324,,,0.28457816,0.29330248,0.26068394,0.27586416,0.23891997,0.22839112,0.25641212,0.23920743,0.31189395,0.29975594,0.26499671,0.26693127,0.25945924,0.00096798,0.00345392,0.00041489,0.00147686,0.01821862,0.0047619,0.0011109,0.00204959,0.00697674,0.00737463,0.00200617,0.00068871,0,0.05,0.02777778,0.2,0.01388889,0.02666667,0,0,0.01254902,0,0.0116144,0,0.00641026,0.0147541,0.01108156,0,0,0.02197802,0,0,0,,,0.00909091,0.05555556,0,0,0,0,0,0,0.21428571,0.16666667,0,0,0,7,7,7,7,7,7,7,6,7,7,7,7,7,7,7,7,7,7,8,8,7,8,7,7,7,7,7,8,8,7,8,8,8,,,7,7,8,7,8,8,8,8,7,7,7,8,8,677,269,311,747,39,21,178,677,86,114,81,121,6,5,9,5,9,25,20,5,51,12,42,26,40,61,48,4,2,14,7,3,4,,,11,10,3,19,3,3,4,3,8,4,3,7,1,0,0,0,0,0,0,0,0,0,0,0,0,0,0,0,0,0,0,0,0,0,0,0,0,0,0,0,0,0,0,0,0,0,,,0,0,0,0,0,0,0,0,0,0,0,0,0,FALSE,FALSE,FALSE,FALSE,FALSE,FALSE,FALSE,FALSE,FALSE,FALSE,FALSE,FALSE,FALSE,FALSE,FALSE,FALSE,FALSE,FALSE,FALSE,FALSE,FALSE,FALSE,FALSE,FALSE,FALSE,FALSE,FALSE,FALSE,FALSE,FALSE,FALSE,FALSE,FALSE,,,FALSE,FALSE,FALSE,FALSE,FALSE,FALSE,FALSE,FALSE,FALSE,FALSE,FALSE,FALSE,FALSE,35.64106352,61.91078067,22.27009646,36.72958501,107.1538462,102.6190476,38.47752809,51.97636632,87.51162791,94.85964912,48.44444444,32.04132231,66.83333333,373.4,206.1111111,486.4,116,104.72,28.9,12.8,58.01960784,28.83333333,84.97619048,55.88461538,81.05,96.59016393,76.6875,25.5,16.5,110.5,92.14285714,95.33333333,51,,,151.1818182,217.6,129.3333333,59.47368421,23.33333333,21.33333333,52.5,29.33333333,600.25,658.75,117.6666667,64.14285714,298,677,269,311,747,39,21,178,677,86,114,81,121,6,5,9,5,9,25,20,5,51,12,42,26,40,61,48,4,2,14,7,3,4,,,11,10,3,19,3,3,4,3,8,4,3,7,1,0,0,0,0,0,0,0,0,0,0,0,0,0,0,0,0,0,0,0,0,0,0,0,0,0,0,0,0,0,0,0,0,0,,,0,0,0,0,0,0,0,0,0,0,0,0,0,0,0,0,0,0,0,0,0,0,0,0,0,0,0,0,0,0,0,0,0,0,0,0,0,0,0,0,0,0,0,0,0,0,,,0,0,0,0,0,0,0,0,0,0,0,0,0,0,0,0,0,0,0,0,0,0,0,0,0,0,0,0,0,0,0,0,0,0,0,0,0,0,0,0,0,0,0,0,0,0,,,0,0,0,0,0,0,0,0,0,0,0,0,0
Danish,2.85243256,3.54145017,4.56424016,3.85052468,4.9772144,,3.77515161,2.71139338,4.54296602,3.93774742,3.39303212,3.6037296,4.12129925,,4.47115534,,4.20883222,4.01804044,,,4.72437393,,3.98794525,,3.94603421,3.38572761,3.61348262,4.73775082,,,4.12426128,,,3.93505988,3.65344533,4.04884119,,,3.62849813,4.15733396,3.96064707,,4.69443148,4.54934287,,,4.93109884,,0,0,0,0,0,,0,0,0,0,0,0,0,,0,,0,0,,,0,,0,,0,0,0,0,,,0,,,0,0,0,,,0,0,0,,0,0,,,0,,0.35057796,0.2823702,0.21909452,0.25970487,0.2009156,,0.26489002,0.36881406,0.22012051,0.2539523,0.29472164,0.2774903,0.24264193,,0.22365584,,0.2375956,0.24887754,,,0.21166826,,0.2507557,,0.25341899,0.29535749,0.27674133,0.21107062,,,0.24246766,,,0.25412574,0.27371424,0.24698425,,,0.27559612,0.24053877,0.252484,,0.21301834,0.21981197,,,0.20279456,,0.00156582,0.00263952,0,0,0,,0.0026455,0.00286921,0,0,0.02521008,0.01315789,0,,0,,0,0,,,0,,0,,0,0.02689076,0.04487179,0,,,0,,,0,0,0,,,0.00430108,0.05,0.05,,0,0,,,0,,9,10,10,10,11,,9,8,11,10,9,9,10,,10,,10,10,,,11,,10,,9,9,9,10,,,10,,,9,10,10,,,10,10,10,,10,10,,,11,,574,52,2,62,1,,28,604,3,36,35,20,23,,4,,8,13,,,2,,4,,12,35,13,1,,,3,,,1,1,4,,,31,5,5,,1,3,,,2,,0,0,0,0,0,,0,0,0,0,0,0,0,,0,,0,0,,,0,,0,,0,0,0,0,,,0,,,0,0,0,,,0,0,0,,0,0,,,0,,FALSE,FALSE,FALSE,FALSE,FALSE,,FALSE,FALSE,FALSE,FALSE,FALSE,FALSE,FALSE,,FALSE,,FALSE,FALSE,,,FALSE,,FALSE,,FALSE,FALSE,FALSE,FALSE,,,FALSE,,,FALSE,FALSE,FALSE,,,FALSE,FALSE,FALSE,,FALSE,FALSE,,,FALSE,,24.97909408,24.01923077,19,12.88709677,2,,34.35714286,31.66887417,12.33333333,13.69444444,73.65714286,44.7,17.43478261,,8.5,,19.75,26.92307692,,,16,,41.25,,42.33333333,78.91428571,109.4615385,33,,,30.33333333,,,290,831,75.25,,,47.09677419,47.8,53.6,,48,9,,,9,,574,52,2,62,1,,28,604,3,36,35,20,23,,4,,8,13,,,2,,4,,12,35,13,1,,,3,,,1,1,4,,,31,5,5,,1,3,,,2,,0,0,0,0,0,,0,0,0,0,0,0,0,,0,,0,0,,,0,,0,,0,0,0,0,,,0,,,0,0,0,,,0,0,0,,0,0,,,0,,0,0,0,0,0,,0,0,0,0,0,0,0,,0,,0,0,,,0,,0,,0,0,0,0,,,0,,,0,0,0,,,0,0,0,,0,0,,,0,,0,0,0,0,0,,0,0,0,0,0,0,0,,0,,0,0,,,0,,0,,0,0,0,0,,,0,,,0,0,0,,,0,0,0,,0,0,,,0,
Dutch,2.8064373,3.27099803,4.36978104,4.28668281,4.32576806,4.88956164,3.17336917,2.92119874,3.88496004,3.48252038,3.88837402,4.02089532,4.36783836,4.33818849,3.73432743,3.70501955,3.83012798,3.38603043,,,4.6414559,5.26419403,,5.15119538,3.42488068,3.27881954,3.57928243,3.8830203,4.19783413,3.74042553,4.16250908,4.48067675,,4.75033734,4.45524686,4.18384999,4.34979068,,4.90917898,4.31404158,4.61066325,,,3.75289762,3.76116666,,,4.03670899,0,0,0,0,0,0,0,0,0,0,0,0,0,0,0,0,0,0,,,0,0,,0,0,0,0,0,0,0,0,0,,0,0,0,0,,0,0,0,,,0,0,,,0,0.35632366,0.30571709,0.22884442,0.23328061,0.23117282,0.20451731,0.31512249,0.34232522,0.25740291,0.28714836,0.25717691,0.24870083,0.2289462,0.23051096,0.26778584,0.26990411,0.26108788,0.29533107,,,0.21544964,0.1899626,,0.1941297,0.29198097,0.30498781,0.27938561,0.25753149,0.23821808,0.26734926,0.24023972,0.22318057,,0.21051137,0.22445445,0.23901431,0.22989612,,0.20370005,0.2318012,0.21688854,,,0.26646077,0.26587495,,,0.24772655,0.00071467,0.00534653,0.00114943,0,0,0,0.00042811,0.00597458,0,0.00264271,0.00022614,0,0,0,0.03333333,0.02222222,0,0.00774775,,,0,0,,0,0.02727273,0.06156156,0.0125,0.00492611,0,0.00980392,0,0,,0,0,0,0,,0,0,0,,,0.16666667,0,,,0,7,8,8,9,9,9,8,8,8,8,8,8,9,9,8,8,9,8,,,9,9,,10,8,8,8,8,8,8,8,9,,9,9,8,9,,9,9,9,,,8,8,,,8,1280,101,30,21,7,1,491,381,3,44,67,12,10,2,6,10,30,75,,,1,1,,1,45,37,16,29,10,18,1,1,,2,2,7,1,,1,5,1,,,3,2,,,1,0,0,0,0,0,0,0,0,0,0,0,0,0,0,0,0,0,0,,,0,0,,0,0,0,0,0,0,0,0,0,,0,0,0,0,,0,0,0,,,0,0,,,0,FALSE,FALSE,FALSE,FALSE,FALSE,FALSE,FALSE,FALSE,FALSE,FALSE,FALSE,FALSE,FALSE,FALSE,FALSE,FALSE,FALSE,FALSE,,,FALSE,FALSE,,FALSE,FALSE,FALSE,FALSE,FALSE,FALSE,FALSE,FALSE,FALSE,,FALSE,FALSE,FALSE,FALSE,,FALSE,FALSE,FALSE,,,FALSE,FALSE,,,FALSE,28.67890625,71.63366337,9.9,9.666666667,11.71428571,17,26.87576375,68.51181102,265.3333333,59.29545455,18.59701493,31.16666667,17,49.5,105.5,114.6,35.23333333,63.65333333,,,25,7,,15,92.64444444,183.7837838,136.25,36.62068966,37.6,73.55555556,189,47,,18.5,41.5,24.71428571,123,,12,44.6,17,,,194.6666667,371.5,,,364,1280,101,30,21,7,1,491,381,3,44,67,12,10,2,6,10,30,75,,,1,1,,1,45,37,16,29,10,18,1,1,,2,2,7,1,,1,5,1,,,3,2,,,1,0,0,0,0,0,0,0,0,0,0,0,0,0,0,0,0,0,0,,,0,0,,0,0,0,0,0,0,0,0,0,,0,0,0,0,,0,0,0,,,0,0,,,0,0,0,0,0,0,0,0,0,0,0,0,0,0,0,0,0,0,0,,,0,0,,0,0,0,0,0,0,0,0,0,,0,0,0,0,,0,0,0,,,0,0,,,0,0,0,0,0,0,0,0,0,0,0,0,0,0,0,0,0,0,0,,,0,0,,0,0,0,0,0,0,0,0,0,,0,0,0,0,,0,0,0,,,0,0,,,0
English,2.78914838,3.37937125,4.21876767,3.58962947,4.05348878,,3.55981487,2.61983703,4.52130441,3.58848885,3.90095373,4.563646,4.58371904,4.59069389,3.68109388,4.51591704,4.50715472,3.12889673,4.33219093,,,,,3.7645126,3.13983964,2.98063878,4.23089425,,,3.61216125,,,,,,4.09708189,,,4.4117938,,,4.67008197,,3.93513055,,,,,0,0,0,0,0,,0,0,0,0,0,0,0,0,0,0,0,0,0,,,,,0,0,0,0,,,0,,,,,,0,,,0,,,0,,0,,,,,0.35853238,0.29591303,0.23703604,0.27858028,0.24670107,,0.28091348,0.38170313,0.22117511,0.27866883,0.25634757,0.21912304,0.21816346,0.21783199,0.27165838,0.22143897,0.22186946,0.31960147,0.23083008,,,,,0.26563864,0.3184876,0.33549855,0.23635665,,,0.27684257,,,,,,0.24407616,,,0.22666517,,,0.214129,,0.25412118,,,,,0.00141243,0.02083333,0,0.00075758,0,,0.00865801,0.00372536,0,0.08333333,0.00181159,0,0,0,0,0,0,0.01652242,0,,,,,0,0.02362543,0.04987715,0,,,0.03571429,,,,,,0,,,0,,,0,,0,,,,,9,9,10,9,10,,9,9,11,10,10,11,11,11,10,11,10,9,10,,,,,10,9,9,10,,,9,,,,,,10,,,10,,,11,,10,,,,,1180,16,4,121,9,,22,1297,2,4,24,3,2,3,2,1,1,124,1,,,,,3,97,111,1,,,8,,,,,,3,,,1,,,1,,1,,,,,0,0,0,0,0,,0,0,0,0,0,0,0,0,0,0,0,0,0,,,,,0,0,0,0,,,0,,,,,,0,,,0,,,0,,0,,,,,FALSE,FALSE,FALSE,FALSE,FALSE,,FALSE,FALSE,FALSE,FALSE,FALSE,FALSE,FALSE,FALSE,FALSE,FALSE,FALSE,FALSE,FALSE,,,,,FALSE,FALSE,FALSE,FALSE,,,FALSE,,,,,,FALSE,,,FALSE,,,FALSE,,FALSE,,,,,38.69661017,155.1875,18,15.28099174,13.55555556,,76.72727273,59.1156515,6,290.75,15.16666667,9,7.5,6,345,5,43,97.51612903,21,,,,,119.3333333,118.9896907,191.5855856,47,,,151.25,,,,,,33.33333333,,,23,,,6,,263,,,,,1180,16,4,121,9,,22,1297,2,4,24,3,2,3,2,1,1,124,1,,,,,3,97,111,1,,,8,,,,,,3,,,1,,,1,,1,,,,,0,0,0,0,0,,0,0,0,0,0,0,0,0,0,0,0,0,0,,,,,0,0,0,0,,,0,,,,,,0,,,0,,,0,,0,,,,,0,0,0,0,0,,0,0,0,0,0,0,0,0,0,0,0,0,0,,,,,0,0,0,0,,,0,,,,,,0,,,0,,,0,,0,,,,,0,0,0,0,0,,0,0,0,0,0,0,0,0,0,0,0,0,0,,,,,0,0,0,0,,,0,,,,,,0,,,0,,,0,,0,,,,
Estonian,3.04560529,3.09029143,3.51199533,3.00607489,3.69271949,5.12456806,3.60013137,2.85395931,3.67035667,3.19053525,3.92342879,3.72322775,4.61334988,,3.36019661,3.58451955,5.31488782,3.26974821,4.02214327,4.47802706,4.48797878,4.22830584,3.67893123,3.81926802,3.3594248,3.14870784,4.19535699,,4.31921935,3.68186685,4.14040979,,5.09777583,,5.10823965,3.55735631,3.85837349,4.12595206,3.90227284,,,,4.02623063,3.471115,3.55399815,,4.50936876,,0,0,0,0,0,0,0,0,0,0,0,0,0,,0,0,0,0,0,0,0,0,0,0,0,0,0,,0,0,0,,0,,0,0,0,0,0,,,,0,0,0,,0,,0.32834196,0.32359408,0.28473842,0.33265971,0.27080313,0.1951384,0.27776764,0.35039042,0.27245309,0.31342703,0.2548791,0.26858416,0.21676223,,0.29760163,0.27897742,0.18815073,0.30583395,0.24862366,0.22331263,0.22281745,0.23650134,0.27181807,0.26183028,0.29767001,0.3175906,0.23835874,,0.23152332,0.27160135,0.24152199,,0.19616398,,0.19576215,0.28110763,0.25917657,0.2423683,0.25626091,,,,0.24837127,0.28809187,0.28137325,,0.22176053,,0.00184443,0.00389812,0.00027864,0.00585653,0.00757576,0,0.00042474,0.00747909,0.00134953,0.00928059,0,0,0,,0.03571429,0.08333333,0,0.02633889,0,0,0,0,0.08333333,0,0.01523948,0.15396825,0,,0,0.00833333,0,,0,,0,0.02272727,0,0,0,,,,0,0.2,0,,0,,8,8,9,8,8,10,8,8,8,8,8,9,9,,8,8,10,8,9,9,9,9,9,9,8,8,9,,9,8,9,,10,,10,8,9,9,8,,,,9,8,8,,9,,577,301,159,342,12,1,109,529,39,122,28,58,1,,21,4,1,68,10,4,1,2,4,8,53,36,4,,2,16,4,,1,,1,12,1,2,7,,,,6,5,2,,1,,0,0,0,0,0,0,0,0,0,0,0,0,0,,0,0,0,0,0,0,0,0,0,0,0,0,0,,0,0,0,,0,,0,0,0,0,0,,,,0,0,0,,0,,FALSE,FALSE,FALSE,FALSE,FALSE,FALSE,FALSE,FALSE,FALSE,FALSE,FALSE,FALSE,FALSE,,FALSE,FALSE,FALSE,FALSE,FALSE,FALSE,FALSE,FALSE,FALSE,FALSE,FALSE,FALSE,FALSE,,FALSE,FALSE,FALSE,,FALSE,,FALSE,FALSE,FALSE,FALSE,FALSE,,,,FALSE,FALSE,FALSE,,FALSE,,42.73830156,58.3255814,23.02515723,79.45906433,72.58333333,4,26.27522936,88.45935728,36.87179487,92.31967213,25.21428571,24.5,13,,197,316.75,15,129.1176471,29.8,7.75,37,28,279.25,76.5,111.4716981,363.6388889,44.5,,39,81.3125,35,,12,,5,149.3333333,515,85.5,80.71428571,,,,28.83333333,482.8,936.5,,34,,577,301,159,342,12,1,109,529,39,122,28,58,1,,21,4,1,68,10,4,1,2,4,8,53,36,4,,2,16,4,,1,,1,12,1,2,7,,,,6,5,2,,1,,0,0,0,0,0,0,0,0,0,0,0,0,0,,0,0,0,0,0,0,0,0,0,0,0,0,0,,0,0,0,,0,,0,0,0,0,0,,,,0,0,0,,0,,0,0,0,0,0,0,0,0,0,0,0,0,0,,0,0,0,0,0,0,0,0,0,0,0,0,0,,0,0,0,,0,,0,0,0,0,0,,,,0,0,0,,0,,0,0,0,0,0,0,0,0,0,0,0,0,0,,0,0,0,0,0,0,0,0,0,0,0,0,0,,0,0,0,,0,,0,0,0,0,0,,,,0,0,0,,0,
French,2.87052248,3.71289191,4.22226031,3.88526752,4.63844937,4.52180907,3.47595824,2.81507678,4.87447257,3.6153481,3.8465981,5.02856013,4.33820311,4.49190401,,3.83494198,3.53272507,3.17081081,4.71421414,4.83913502,4.40991561,,,4.73560127,3.34521769,3.14649262,3.34712335,3.91933017,4.80664557,3.65950265,,,,,,3.91927743,,,3.93747363,4.64704641,,,,3.62099156,4.03457278,,,,0,0,0,0,0,0,0,0,0,0,0,0,0,0,,0,0,0,0,0,0,,,0,0,0,0,0,0,0,,,,,,0,,,0,0,,,,0,0,,,,0.34836864,0.26933184,0.23683997,0.25738253,0.21558929,0.22115043,0.28769045,0.3552301,0.2051504,0.27659854,0.25996997,0.19886408,0.23051018,0.22262274,,0.26076014,0.2830676,0.31537675,0.21212443,0.2066485,0.22676171,,,0.21116643,0.29893421,0.31781419,0.29876401,0.25514564,0.2080453,0.27326118,,,,,,0.25514907,,,0.25396995,0.21519045,,,,0.27616745,0.24785772,,,,0.0017489,0,0,0.00045228,0,0,0.00135308,0.00456413,0,0,0,0,0,0,,0.16666667,0.0056899,0.02407862,0,0,0,,,0,0.01629073,0.0620155,0.00714286,0,0,0.02380952,,,,,,0,,,0,0,,,,0,0,,,,7,9,9,9,10,10,9,7,10,9,9,10,10,10,,9,9,9,10,10,10,,,10,7,8,9,9,10,9,,,,,,9,,,8,10,,,,9,10,,,,1051,21,21,67,2,1,119,939,1,4,23,2,10,1,,3,38,111,1,1,6,,,1,57,87,85,7,1,15,,,,,,5,,,14,2,,,,1,1,,,,0,0,0,0,0,0,0,0,0,0,0,0,0,0,,0,0,0,0,0,0,,,0,0,0,0,0,0,0,,,,,,0,,,0,0,,,,0,0,,,,FALSE,FALSE,FALSE,FALSE,FALSE,FALSE,FALSE,FALSE,FALSE,FALSE,FALSE,FALSE,FALSE,FALSE,,FALSE,FALSE,FALSE,FALSE,FALSE,FALSE,,,FALSE,FALSE,FALSE,FALSE,FALSE,FALSE,FALSE,,,,,,FALSE,,,FALSE,FALSE,,,,FALSE,FALSE,,,,49.22359657,54.0952381,12.61904762,15.26865672,9.5,18,36.42016807,71.57188498,9,406,36.56521739,6,11.7,22,,234.6666667,83.92105263,128.6306306,10,13,17.5,,,10,118.8421053,199.3908046,90.29411765,82.14285714,18,116,,,,,,95.8,,,52.21428571,16.5,,,,1539,268,,,,1051,21,21,67,2,1,119,939,1,4,23,2,10,1,,3,38,111,1,1,6,,,1,57,87,85,7,1,15,,,,,,5,,,14,2,,,,1,1,,,,0,0,0,0,0,0,0,0,0,0,0,0,0,0,,0,0,0,0,0,0,,,0,0,0,0,0,0,0,,,,,,0,,,0,0,,,,0,0,,,,0,0,0,0,0,0,0,0,0,0,0,0,0,0,,0,0,0,0,0,0,,,0,0,0,0,0,0,0,,,,,,0,,,0,0,,,,0,0,,,,0,0,0,0,0,0,0,0,0,0,0,0,0,0,,0,0,0,0,0,0,,,0,0,0,0,0,0,0,,,,,,0,,,0,0,,,,0,0,,,
German,2.95411788,3.70817068,4.48132743,4.26303483,4.69506051,4.95558304,3.34484226,3.0576807,4.48870253,4.15975495,3.90835713,4.42513489,4.4252142,4.31791699,4.65887829,4.27605444,4.08604254,3.71877878,4.87403027,5.03301547,5.85775959,5.86607283,5.94857837,5.52908494,3.72004137,3.47658235,4.04964236,4.05339031,4.28174746,3.9296392,4.75078169,,,5.50801898,4.61660444,4.26309634,,6.39709389,4.49682961,4.23389945,5.24737375,5.35638286,5.58044852,5.55381363,4.5170397,,5.12765431,,0,0,0,0,0,0,0,0,0,0,0,0,0,0,0,0,0,0,0,0,0,0,0,0,0,0,0,0,0,0,0,,,0,0,0,,0,0,0,0,0,0,0,0,,0,,0.33851053,0.26967475,0.22314817,0.23457467,0.2129898,0.2017926,0.29896776,0.32704527,0.22278153,0.24039878,0.25586198,0.22598181,0.22597776,0.23159315,0.21464394,0.23386045,0.24473558,0.26890548,0.20516902,0.19868804,0.17071373,0.1704718,0.16810739,0.18086175,0.26881421,0.28763881,0.24693539,0.24670706,0.23354951,0.25447629,0.21049168,,,0.18155348,0.21660942,0.23457129,,0.15632098,0.2223789,0.23618889,0.19057152,0.18669315,0.17919707,0.18005646,0.22138393,,0.19502095,,0.0008108,0.00227212,0.00058072,0,0,0,0.00063927,0.00432783,0,0.00018512,0.0003663,0,0,0,0,0,0,0.00135501,0,0,0,0,0,0,0.00638792,0.03673469,0.00197628,0.00123153,0,0.003003,0,,,0,0,0.00909091,,0,0,0,0,0,0,0,0,,0,,8,10,11,10,11,11,9,9,11,11,10,10,11,10,11,10,10,10,11,11,12,12,12,12,10,9,10,10,10,10,10,,,12,11,11,,12,11,10,11,12,12,12,10,,12,,1180,87,42,58,9,9,507,455,27,74,105,17,26,4,8,4,72,82,4,2,1,1,1,3,42,50,23,29,25,37,2,,,2,14,11,,1,9,16,1,1,3,2,1,,3,,0,0,0,0,0,0,0,0,0,0,0,0,0,0,0,0,0,0,0,0,0,0,0,0,0,0,0,0,0,0,0,,,0,0,0,,0,0,0,0,0,0,0,0,,0,,FALSE,FALSE,FALSE,FALSE,FALSE,FALSE,FALSE,FALSE,FALSE,FALSE,FALSE,FALSE,FALSE,FALSE,FALSE,FALSE,FALSE,FALSE,FALSE,FALSE,FALSE,FALSE,FALSE,FALSE,FALSE,FALSE,FALSE,FALSE,FALSE,FALSE,FALSE,,,FALSE,FALSE,FALSE,,FALSE,FALSE,FALSE,FALSE,FALSE,FALSE,FALSE,FALSE,,FALSE,,30.58220339,44.09195402,13.38095238,11.67241379,11,12.11111111,27.24063116,61.81318681,13.96296296,11.82432432,19.26666667,13.23529412,20.65384615,117,18.25,88.25,21,42.64634146,14.25,12,12,6,5,14.33333333,73.04761905,145.08,54.34782609,44.37931034,28.52,48,27,,,6.5,21.57142857,42.90909091,,4,33.44444444,41.6875,30,20,10.66666667,8,98,,16.66666667,,1180,87,42,58,9,9,507,455,27,74,105,17,26,4,8,4,72,82,4,2,1,1,1,3,42,50,23,29,25,37,2,,,2,14,11,,1,9,16,1,1,3,2,1,,3,,0,0,0,0,0,0,0,0,0,0,0,0,0,0,0,0,0,0,0,0,0,0,0,0,0,0,0,0,0,0,0,,,0,0,0,,0,0,0,0,0,0,0,0,,0,,0,0,0,0,0,0,0,0,0,0,0,0,0,0,0,0,0,0,0,0,0,0,0,0,0,0,0,0,0,0,0,,,0,0,0,,0,0,0,0,0,0,0,0,,0,,0,0,0,0,0,0,0,0,0,0,0,0,0,0,0,0,0,0,0,0,0,0,0,0,0,0,0,0,0,0,0,,,0,0,0,,0,0,0,0,0,0,0,0,,0,
Hebrew,3.08500281,3.54936306,3.85097415,3.00271485,3.51315913,,,3.11329588,,3.98239041,,,,,4.33233421,,,3.41663544,,,,,4.0753091,3.74466092,3.63510349,3.54711502,,,,,,,,,,,,,,,,,,4.15136755,,,,,0,0,0,0,0,,,0,,0,,,,,0,,,0,,,,,0,0,0,0,,,,,,,,,,,,,,,,,,0,,,,,0.32414881,0.28174069,0.25967456,0.33303196,0.28464409,,,0.32120301,,0.25110547,,,,,0.23082245,,,0.2926856,,,,,0.24538016,0.26704688,0.27509533,0.28191925,,,,,,,,,,,,,,,,,,0.24088448,,,,,0.00899123,0.02380952,0,0.00704524,0.00549451,,,0.01952862,,0,,,,,0,,,0.03508772,,,,,0,0.08333333,0.03333333,0,,,,,,,,,,,,,,,,,,0,,,,,8,9,8,8,8,,,8,,9,,,,,9,,,8,,,,,9,8,8,8,,,,,,,,,,,,,,,,,,9,,,,,96,7,1,154,14,,,55,,3,,,,,1,,,19,,,,,2,4,6,5,,,,,,,,,,,,,,,,,,1,,,,,0,0,0,0,0,,,0,,0,,,,,0,,,0,,,,,0,0,0,0,,,,,,,,,,,,,,,,,,0,,,,,FALSE,FALSE,FALSE,FALSE,FALSE,,,FALSE,,FALSE,,,,,FALSE,,,FALSE,,,,,FALSE,FALSE,FALSE,FALSE,,,,,,,,,,,,,,,,,,FALSE,,,,,53.05208333,129.5714286,262,45.05194805,73.21428571,,,74.05454545,,56.66666667,,,,,27,,,79.26315789,,,,,53,105.25,115,138.2,,,,,,,,,,,,,,,,,,76,,,,,96,7,1,154,14,,,55,,3,,,,,1,,,19,,,,,2,4,6,5,,,,,,,,,,,,,,,,,,1,,,,,0,0,0,0,0,,,0,,0,,,,,0,,,0,,,,,0,0,0,0,,,,,,,,,,,,,,,,,,0,,,,,0,0,0,0,0,,,0,,0,,,,,0,,,0,,,,,0,0,0,0,,,,,,,,,,,,,,,,,,0,,,,,0,0,0,0,0,,,0,,0,,,,,0,,,0,,,,,0,0,0,0,,,,,,,,,,,,,,,,,,0,,,,
Hindi,2.84970427,4.17938064,3.11234773,3.26912636,,4.62685575,2.72481736,3.04303994,,3.71774417,3.58646283,4.17938064,3.37864938,4.89841024,,,3.03988699,4.28668772,,4.62240319,3.63619744,3.60214935,,,,,3.32336159,3.09938508,3.2835854,,,,,,3.86144812,4.28668772,3.71774417,,3.14398094,3.23838015,4.48711983,,,,,,,,0,0,0,0,,0,0,0,,0,0,0,0,0,,,0,0,,0,0,0,,,,,0,0,0,,,,,,0,0,0,,0,0,0,,,,,,,,0.35091361,0.2392699,0.32130086,0.30589212,,0.2161295,0.36699708,0.32861876,,0.26898032,0.27882625,0.2392699,0.29597626,0.20414787,,,0.3289596,0.23328035,,0.21633768,0.27501257,0.27761203,,,,,0.30090015,0.32264465,0.30454515,,,,,,0.2589702,0.23328035,0.26898032,,0.31806809,0.30879636,0.22286011,,,,,,,,0.01001292,0,0.00666667,0.33333333,,0,0.01529718,0.20955882,,0,0,0,0.16666667,0,,,0.08791209,0,,0,0,0.02380952,,,,,0.41666667,0.0497076,0.07142857,,,,,,0,0,0,,0.36666667,0.3,0,,,,,,,,6,8,7,7,,8,6,6,,7,7,8,7,8,,,6,8,,8,7,7,,,,,7,6,7,,,,,,7,8,7,,6,7,8,,,,,,,,216,1,100,4,,2,206,17,,1,30,1,3,1,,,14,1,,2,1,7,,,,,4,19,8,,,,,,2,1,1,,6,6,1,,,,,,,,0,0,0,0,,0,0,0,,0,0,0,0,0,,,0,0,,0,0,0,,,,,0,0,0,,,,,,0,0,0,,0,0,0,,,,,,,,FALSE,FALSE,FALSE,FALSE,,FALSE,FALSE,FALSE,,FALSE,FALSE,FALSE,FALSE,FALSE,,,FALSE,FALSE,,FALSE,FALSE,FALSE,,,,,FALSE,FALSE,FALSE,,,,,,FALSE,FALSE,FALSE,,FALSE,FALSE,FALSE,,,,,,,,76.28240741,19,59.82,409.5,,9.5,105.2281553,351.2941176,,115,22.03333333,19,334.6666667,5,,,342.0714286,29,,11.5,123,55.42857143,,,,,293.25,230.8947368,259.125,,,,,,28.5,29,115,,530.8333333,351.8333333,17,,,,,,,,216,1,100,4,,2,206,17,,1,30,1,3,1,,,14,1,,2,1,7,,,,,4,19,8,,,,,,2,1,1,,6,6,1,,,,,,,,0,0,0,0,,0,0,0,,0,0,0,0,0,,,0,0,,0,0,0,,,,,0,0,0,,,,,,0,0,0,,0,0,0,,,,,,,,0,0,0,0,,0,0,0,,0,0,0,0,0,,,0,0,,0,0,0,,,,,0,0,0,,,,,,0,0,0,,0,0,0,,,,,,,,0,0,0,0,,0,0,0,,0,0,0,0,0,,,0,0,,0,0,0,,,,,0,0,0,,,,,,0,0,0,,0,0,0,,,,,,,
Indonesian,3.84448656,,,5.77766438,4.93940719,,,3.65233654,,,,,,,,,,5.10404821,,,,,,,4.29046994,,,,,,,,,,,,,,,,,,,,,,,,0,,,0,0,,,0,,,,,,,,,,0,,,,,,,0,,,,,,,,,,,,,,,,,,,,,,,,0.26011276,,,0.17308032,0.20245344,,,0.27379733,,,,,,,,,,0.19592291,,,,,,,0.2330747,,,,,,,,,,,,,,,,,,,,,,,,0.0047619,,,0,0,,,0.01515152,,,,,,,,,,0,,,,,,,0,,,,,,,,,,,,,,,,,,,,,,,,17,,,18,18,,,17,,,,,,,,,,18,,,,,,,17,,,,,,,,,,,,,,,,,,,,,,,,15,,,1,1,,,22,,,,,,,,,,1,,,,,,,3,,,,,,,,,,,,,,,,,,,,,,,,0,,,0,0,,,0,,,,,,,,,,0,,,,,,,0,,,,,,,,,,,,,,,,,,,,,,,,FALSE,,,FALSE,FALSE,,,FALSE,,,,,,,,,,FALSE,,,,,,,FALSE,,,,,,,,,,,,,,,,,,,,,,,,83.46666667,,,8,7,,,89.04545455,,,,,,,,,,24,,,,,,,111.3333333,,,,,,,,,,,,,,,,,,,,,,,,15,,,1,1,,,22,,,,,,,,,,1,,,,,,,3,,,,,,,,,,,,,,,,,,,,,,,,0,,,0,0,,,0,,,,,,,,,,0,,,,,,,0,,,,,,,,,,,,,,,,,,,,,,,,0,,,0,0,,,0,,,,,,,,,,0,,,,,,,0,,,,,,,,,,,,,,,,,,,,,,,,0,,,0,0,,,0,,,,,,,,,,0,,,,,,,0,,,,,,,,,,,,,,,,,,,,,,,
Italian,2.88956635,3.44781486,3.86463582,3.16287953,3.72580012,4.09676997,3.64377289,2.68439601,3.7934747,3.51996335,4.225324,4.03593285,3.83986778,3.79323887,3.83688431,3.76583211,3.58969828,3.1643495,3.9061692,,3.9717577,4.26840124,3.55535919,4.00762534,3.37312651,2.94995909,3.32217642,4.09275078,4.6872525,3.57018491,,4.92119129,,,,4.19365079,3.73601702,4.34122075,3.63440895,,,,,3.73290787,3.70613648,,3.9241368,,0,0,0,0,0,0,0,0,0,0,0,0,0,0,0,0,0,0,0,,0,0,0,0,0,0,0,0,0,0,,0,,,,0,0,0,0,,,,,0,0,,0,,0.34607269,0.29003878,0.25875659,0.31616759,0.26839872,0.24409474,0.27444081,0.37252328,0.26361056,0.28409387,0.23666824,0.24777419,0.26042563,0.26362695,0.26062813,0.26554556,0.27857494,0.31602072,0.2560053,,0.2517777,0.23427976,0.28126553,0.24952432,0.29646086,0.33898775,0.30100749,0.24433445,0.2133446,0.28009754,,0.20320283,,,,0.23845572,0.26766473,0.23034995,0.2751479,,,,,0.26788767,0.26982277,,0.25483311,,0.00188457,0.00033167,0.00116144,0.0031297,0.00238095,0,0.00028011,0.00539811,0.00292398,0.00166113,0,0,0,0,0,0,0.00269906,0.02072829,0,,0,0,0.03205128,0,0.00959596,0.06954178,0.0035014,0,0,0.00549451,,0,,,,0,0,0,0.00724638,,,,,0,0,,0,,7,7,8,7,8,9,7,7,8,7,9,8,8,9,8,8,8,8,8,,8,9,8,8,8,7,8,9,9,8,,10,,,,9,9,9,8,,,,,8,8,,8,,709,135,42,271,21,13,85,864,19,43,9,12,9,9,4,2,39,85,6,,14,2,13,7,45,106,85,5,1,14,,1,,,,3,7,1,24,,,,,7,4,,2,,0,0,0,0,0,0,0,0,0,0,0,0,0,0,0,0,0,0,0,,0,0,0,0,0,0,0,0,0,0,,0,,,,0,0,0,0,,,,,0,0,,0,,FALSE,FALSE,FALSE,FALSE,FALSE,FALSE,FALSE,FALSE,FALSE,FALSE,FALSE,FALSE,FALSE,FALSE,FALSE,FALSE,FALSE,FALSE,FALSE,,FALSE,FALSE,FALSE,FALSE,FALSE,FALSE,FALSE,FALSE,FALSE,FALSE,,FALSE,,,,FALSE,FALSE,FALSE,FALSE,,,,,FALSE,FALSE,,FALSE,,43.85754584,23.85925926,11.85714286,40.2103321,35.14285714,10.53846154,21.90588235,70.66782407,33.36842105,53.76744186,11.33333333,15.91666667,53.22222222,63,105.75,253,50.79487179,114.1764706,39.66666667,,22.21428571,28.5,121.0769231,19.14285714,90.97777778,213.5,66.64705882,27.6,36,104.4285714,,14,,,,46,113.4285714,95,65.625,,,,,99.85714286,195.5,,114,,709,135,42,271,21,13,85,864,19,43,9,12,9,9,4,2,39,85,6,,14,2,13,7,45,106,85,5,1,14,,1,,,,3,7,1,24,,,,,7,4,,2,,0,0,0,0,0,0,0,0,0,0,0,0,0,0,0,0,0,0,0,,0,0,0,0,0,0,0,0,0,0,,0,,,,0,0,0,0,,,,,0,0,,0,,0,0,0,0,0,0,0,0,0,0,0,0,0,0,0,0,0,0,0,,0,0,0,0,0,0,0,0,0,0,,0,,,,0,0,0,0,,,,,0,0,,0,,0,0,0,0,0,0,0,0,0,0,0,0,0,0,0,0,0,0,0,,0,0,0,0,0,0,0,0,0,0,,0,,,,0,0,0,0,,,,,0,0,,0,
Japanese,3.09270159,,3.12602932,,,3.28404727,2.90919519,,,,3.89548085,,3.35932404,,,,3.11946363,,,3.58994434,,3.41172764,,,,,,3.05732295,3.53812474,,,,,4.28065031,4.15767789,,,,,3.41856841,3.95508704,,,,,,,,0,,0,,,0,0,,,,0,,0,,,,0,,,0,,0,,,,,,0,0,,,,,0,0,,,,,0,0,,,,,,,,0.3233419,,0.31989463,,,0.30450232,0.34373768,,,,0.25670772,,0.29767893,,,,0.32056793,,,0.27855585,,0.29310663,,,,,,0.32708354,0.2826356,,,,,0.23360936,0.24051887,,,,,0.29252011,0.25283894,,,,,,,,0.00075181,,0.00065864,,,0.00043582,0.00291217,,,,0.00074405,,0.0018018,,,,0.00171131,,,0.00123119,,0.00090086,,,,,,0.00639553,0.00342342,,,,,0,0,,,,,0.00410232,0,,,,,,,,11,,11,,,11,11,,,,12,,10,,,,11,,,12,,12,,,,,,11,12,,,,,12,12,,,,,12,12,,,,,,,,659,,636,,,489,522,,,,64,,186,,,,385,,,86,,224,,,,,,242,75,,,,,9,8,,,,,112,30,,,,,,,,0,,0,,,0,0,,,,0,,0,,,,0,,,0,,0,,,,,,0,0,,,,,0,0,,,,,0,0,,,,,,,,FALSE,,FALSE,,,FALSE,FALSE,,,,FALSE,,FALSE,,,,FALSE,,,FALSE,,FALSE,,,,,,FALSE,FALSE,,,,,FALSE,FALSE,,,,,FALSE,FALSE,,,,,,,,21.79362671,,21.01257862,,,17.5398773,44.25862069,,,,17.390625,,34.37096774,,,,33.28311688,,,34.88372093,,26.49107143,,,,,,63.14049587,45.04,,,,,25.22222222,34.125,,,,,49.17857143,27.2,,,,,,,,659,,636,,,489,522,,,,64,,186,,,,385,,,86,,224,,,,,,242,75,,,,,9,8,,,,,112,30,,,,,,,,0,,0,,,0,0,,,,0,,0,,,,0,,,0,,0,,,,,,0,0,,,,,0,0,,,,,0,0,,,,,,,,0,,0,,,0,0,,,,0,,0,,,,0,,,0,,0,,,,,,0,0,,,,,0,0,,,,,0,0,,,,,,,,0,,0,,,0,0,,,,0,,0,,,,0,,,0,,0,,,,,,0,0,,,,,0,0,,,,,0,0,,,,,,,
Latvian,2.86105886,3.1522475,3.78612717,3.17442097,3.33092938,3.77805758,3.46623182,2.7464503,3.76457369,3.34445428,3.64143752,3.72666032,3.83906324,3.69916264,3.43789158,3.88095887,3.54202682,3.12211356,3.93151804,5.14849867,3.98345813,4.37457442,3.69864506,3.88437181,3.20254456,3.17319082,3.40072178,4.24349721,4.49543721,3.57019336,4.13341051,4.53132661,,5.09275402,,3.75027241,3.612231,4.22662581,3.55511677,4.42563334,4.38953963,4.35485189,3.80325524,3.44851539,3.8062517,4.22405339,4.21983111,4.39417053,0,0,0,0,0,0,0,0,0,0,0,0,0,0,0,0,0,0,0,0,0,0,0,0,0,0,0,0,0,0,0,0,,0,,0,0,0,0,0,0,0,0,0,0,0,0,0,0.34952095,0.31723397,0.26412214,0.31501808,0.30021651,0.26468628,0.28849773,0.36410635,0.26563433,0.29900244,0.27461682,0.26833677,0.26048021,0.27033145,0.29087596,0.25766828,0.28232423,0.32029585,0.25435468,0.19423138,0.25103816,0.22859366,0.27036928,0.25744188,0.3122517,0.3151402,0.29405522,0.23565469,0.22244777,0.28009687,0.24193097,0.22068592,,0.19635741,,0.2666473,0.27683722,0.23659535,0.28128471,0.22595636,0.22781432,0.22962893,0.26293266,0.28997986,0.26272566,0.23673943,0.23697631,0.22757424,0.00085336,0.00161812,0.00128866,0.00152287,0.00357027,0.0021645,0.00078731,0.00332406,0.00197628,0.00841346,0.00067476,0.00060496,0.00735294,0.0021645,0.03333333,0.00909091,0.00464576,0.0022004,0,0,0,0,0.00615385,0,0.00728014,0.01373283,0.01019608,0,0,0.00714286,0,0,,0,,0,0.01428571,0,0.00661376,0,0,0,0,0.15,0.05,0,0,0,7,7,8,7,8,8,7,7,8,8,7,8,8,7,8,8,8,8,8,10,9,9,8,8,8,8,8,9,9,8,8,9,,9,,7,8,8,8,9,9,9,8,8,8,8,8,9,745,207,97,287,79,22,129,566,23,65,39,58,17,22,15,11,42,235,20,3,24,6,26,23,102,90,51,6,4,36,8,3,,1,,13,15,3,28,3,1,6,12,5,5,2,3,1,0,0,0,0,0,0,0,0,0,0,0,0,0,0,0,0,0,0,0,0,0,0,0,0,0,0,0,0,0,0,0,0,,0,,0,0,0,0,0,0,0,0,0,0,0,0,0,FALSE,FALSE,FALSE,FALSE,FALSE,FALSE,FALSE,FALSE,FALSE,FALSE,FALSE,FALSE,FALSE,FALSE,FALSE,FALSE,FALSE,FALSE,FALSE,FALSE,FALSE,FALSE,FALSE,FALSE,FALSE,FALSE,FALSE,FALSE,FALSE,FALSE,FALSE,FALSE,,FALSE,,FALSE,FALSE,FALSE,FALSE,FALSE,FALSE,FALSE,FALSE,FALSE,FALSE,FALSE,FALSE,FALSE,19.24966443,27.02898551,12.46391753,20.76655052,33.26582278,25.22727273,21.45736434,36.09893993,32.52173913,51.36923077,26.41025641,18.05172414,31.41176471,37.77272727,95.2,39.18181818,37,29,18.75,8,19.91666667,19.83333333,31.80769231,23.30434783,53.38235294,64.24444444,52.03921569,30.83333333,22.75,45.44444444,22.375,21,,8,,46.07692308,74.8,27.66666667,49.57142857,14.33333333,84,21.5,55.75,257.8,106.6,42.5,40.33333333,79,745,207,97,287,79,22,129,566,23,65,39,58,17,22,15,11,42,235,20,3,24,6,26,23,102,90,51,6,4,36,8,3,,1,,13,15,3,28,3,1,6,12,5,5,2,3,1,0,0,0,0,0,0,0,0,0,0,0,0,0,0,0,0,0,0,0,0,0,0,0,0,0,0,0,0,0,0,0,0,,0,,0,0,0,0,0,0,0,0,0,0,0,0,0,0,0,0,0,0,0,0,0,0,0,0,0,0,0,0,0,0,0,0,0,0,0,0,0,0,0,0,0,0,0,0,0,,0,,0,0,0,0,0,0,0,0,0,0,0,0,0,0,0,0,0,0,0,0,0,0,0,0,0,0,0,0,0,0,0,0,0,0,0,0,0,0,0,0,0,0,0,0,0,,0,,0,0,0,0,0,0,0,0,0,0,0,0,0
Norwegian,2.81584175,3.12251497,4.45787577,3.69397631,3.7278563,,3.75942559,2.64322326,3.68945516,3.22443757,4.14829936,4.34619175,4.19673931,5.39265099,3.3303863,4.14385876,3.66551219,3.33028427,,,5.09703216,,4.27904488,4.26243172,3.26434905,3.09304617,3.6107169,,,4.13952244,4.52514501,,,,,4.65348876,,,3.89378837,,,,3.75173171,3.37810441,3.92847891,3.80894858,3.7212367,,0,0,0,0,0,,0,0,0,0,0,0,0,0,0,0,0,0,,,0,,0,0,0,0,0,,,0,0,,,,,0,,,0,,,,0,0,0,0,0,,0.35513359,0.32025467,0.22432209,0.27071099,0.26825068,,0.26599808,0.37832597,0.27104273,0.31013161,0.24106264,0.23008649,0.23828023,0.18543755,0.30026547,0.24132097,0.27281317,0.30027467,,,0.1961926,,0.23369701,0.23460786,0.30633979,0.32330588,0.27695331,,,0.24157376,0.22098739,,,,,0.21489254,,,0.2568193,,,,0.26654358,0.29602401,0.25455145,0.26253964,0.26872787,,0.00152458,0.00943526,0,0.00017616,0,,0.00114943,0.0030473,0,0.00676768,0,0,0,0,0.07692308,0,0,0.00491878,,,0,,0,0,0.00460271,0.02453581,0.00641026,,,0,0,,,,,0,,,0,,,,0,0.10606061,0,0,0,,7,7,9,8,8,,8,7,8,7,9,9,9,10,8,8,8,7,,,10,,9,9,8,7,8,,,9,9,,,,,9,,,8,,,,8,7,8,8,8,,1094,121,3,131,6,,30,1213,13,100,18,6,1,1,13,2,6,94,,,1,,4,7,129,117,13,,,5,1,,,,,2,,,13,,,,5,12,2,2,2,,0,0,0,0,0,,0,0,0,0,0,0,0,0,0,0,0,0,,,0,,0,0,0,0,0,,,0,0,,,,,0,,,0,,,,0,0,0,0,0,,FALSE,FALSE,FALSE,FALSE,FALSE,,FALSE,FALSE,FALSE,FALSE,FALSE,FALSE,FALSE,FALSE,FALSE,FALSE,FALSE,FALSE,,,FALSE,,FALSE,FALSE,FALSE,FALSE,FALSE,,,FALSE,FALSE,,,,,FALSE,,,FALSE,,,,FALSE,FALSE,FALSE,FALSE,FALSE,,42.74680073,102.8760331,22,10.71755725,78,,38.96666667,60.45259687,66.92307692,86.23,9.888888889,8.333333333,79,4,338.3846154,77,152.6666667,64.79787234,,,10,,11.75,14,67.03875969,141.2051282,100.6923077,,,30.4,8,,,,,17,,,32.30769231,,,,138.8,308.0833333,102.5,173.5,235.5,,1094,121,3,131,6,,30,1213,13,100,18,6,1,1,13,2,6,94,,,1,,4,7,129,117,13,,,5,1,,,,,2,,,13,,,,5,12,2,2,2,,0,0,0,0,0,,0,0,0,0,0,0,0,0,0,0,0,0,,,0,,0,0,0,0,0,,,0,0,,,,,0,,,0,,,,0,0,0,0,0,,0,0,0,0,0,,0,0,0,0,0,0,0,0,0,0,0,0,,,0,,0,0,0,0,0,,,0,0,,,,,0,,,0,,,,0,0,0,0,0,,0,0,0,0,0,,0,0,0,0,0,0,0,0,0,0,0,0,,,0,,0,0,0,0,0,,,0,0,,,,,0,,,0,,,,0,0,0,0,0,
Persian,3.04312469,,3.34470864,3.20305569,3.72412518,,3.02032771,2.76490882,,,,,,,,,3.29374076,3.72412518,,,3.79497289,3.50874815,,,,,3.08809759,3.50874815,3.5395515,,,,,,,,,,,,,,,,,,,,0,,0,0,0,,0,0,,,,,,,,,0,0,,,0,0,,,,,0,0,0,,,,,,,,,,,,,,,,,,,,0.3286096,,0.2989797,0.31220188,0.26851944,,0.3310899,0.36167558,,,,,,,,,0.30360616,0.26851944,,,0.26350649,0.28500193,,,,,0.32382396,0.28500193,0.28252167,,,,,,,,,,,,,,,,,,,,0.2375,,0.04545455,0.11111111,0,,0.25,0.52727273,,,,,,,,,0.33333333,0,,,0,0,,,,,1,0,0,,,,,,,,,,,,,,,,,,,,10,,10,10,10,,10,9,,,,,,,,,10,10,,,10,10,,,,,10,10,10,,,,,,,,,,,,,,,,,,,,16,,12,9,1,,12,11,,,,,,,,,3,1,,,1,1,,,,,2,1,1,,,,,,,,,,,,,,,,,,,,0,,0,0,0,,0,0,,,,,,,,,0,0,,,0,0,,,,,0,0,0,,,,,,,,,,,,,,,,,,,,FALSE,,FALSE,FALSE,FALSE,,FALSE,FALSE,,,,,,,,,FALSE,FALSE,,,FALSE,FALSE,,,,,FALSE,FALSE,FALSE,,,,,,,,,,,,,,,,,,,,191.9375,,60.25,147.4444444,81,,243.5833333,523.9090909,,,,,,,,,274.3333333,81,,,19,237,,,,,813,237,185,,,,,,,,,,,,,,,,,,,,16,,12,9,1,,12,11,,,,,,,,,3,1,,,1,1,,,,,2,1,1,,,,,,,,,,,,,,,,,,,,0,,0,0,0,,0,0,,,,,,,,,0,0,,,0,0,,,,,0,0,0,,,,,,,,,,,,,,,,,,,,0,,0,0,0,,0,0,,,,,,,,,0,0,,,0,0,,,,,0,0,0,,,,,,,,,,,,,,,,,,,,0,,0,0,0,,0,0,,,,,,,,,0,0,,,0,0,,,,,0,0,0,,,,,,,,,,,,,,,,,,,
Polish,2.96631557,3.15389511,3.75572397,2.92090218,3.26535205,4.59879854,3.78981437,2.75,3.87891608,3.54362848,4.08353427,3.92977107,4.07365712,3.99409871,3.48961854,3.81460222,3.89930295,3.29410819,4.22177527,4.86741428,4.30538569,5.37573774,3.55928304,3.96858077,3.31299593,3.30463399,3.84441703,5.0119648,5.33183086,4.24678042,4.26921013,4.67163779,4.82185974,5.30441082,,4.76997371,4.49914154,4.61456321,4.06262073,4.87557678,4.50973451,4.33642754,4.06476017,4.00804851,4.07071574,4.13742219,4.74423221,4.5184589,0,0,0,0,0,0,0,0,0,0,0,0,0,0,0,0,0,0,0,0,0,0,0,0,0,0,0,0,0,0,0,0,0,0,,0,0,0,0,0,0,0,0,0,0,0,0,0,0.33711855,0.31706825,0.26626025,0.34235998,0.30624569,0.2174481,0.26386517,0.36363636,0.25780398,0.28219663,0.24488591,0.25446775,0.24547967,0.25036938,0.28656427,0.26215053,0.25645609,0.3035723,0.23686718,0.20544789,0.23226723,0.18602098,0.28095546,0.25197925,0.3018416,0.30260537,0.26011746,0.19952255,0.18755284,0.2354725,0.23423537,0.21405769,0.20738886,0.18852235,,0.20964476,0.22226462,0.21670523,0.24614653,0.20510394,0.22174254,0.23060457,0.24601697,0.24949798,0.24565704,0.24169639,0.21078226,0.2213144,0.00048346,0.00066464,4.47E-05,0.00060019,0.01146881,0,9.71E-05,0.00093056,0,0.00086059,0.00060976,0.00017088,0,0,0.03809524,0.00549451,0,0.00749339,0,0,0,0,0.00158228,0.00263158,0.01313131,0.00749427,0,0,0,0,0,0,0,0,,0,0,0,0,0,0,0,0,0,0,0,0,0,7,8,9,8,8,9,9,7,9,9,9,9,10,9,9,9,9,8,9,10,9,11,9,9,8,9,9,10,11,9,9,10,10,11,,10,10,9,9,10,10,9,9,9,9,9,10,9,708,318,150,742,71,18,102,822,59,84,41,77,24,17,15,14,25,83,15,5,15,2,80,20,45,107,26,6,1,10,3,8,3,2,,3,6,2,8,2,6,3,4,9,6,3,3,2,0,0,0,0,0,0,0,0,0,0,0,0,0,0,0,0,0,0,0,0,0,0,0,0,0,0,0,0,0,0,0,0,0,0,,0,0,0,0,0,0,0,0,0,0,0,0,0,FALSE,FALSE,FALSE,FALSE,FALSE,FALSE,FALSE,FALSE,FALSE,FALSE,FALSE,FALSE,FALSE,FALSE,FALSE,FALSE,FALSE,FALSE,FALSE,FALSE,FALSE,FALSE,FALSE,FALSE,FALSE,FALSE,FALSE,FALSE,FALSE,FALSE,FALSE,FALSE,FALSE,FALSE,,FALSE,FALSE,FALSE,FALSE,FALSE,FALSE,FALSE,FALSE,FALSE,FALSE,FALSE,FALSE,FALSE,18.57627119,22.96540881,10.70666667,19.19541779,63.61971831,11.61111111,14.47058824,25.59610706,14.89830508,28.22619048,13.70731707,14.37662338,20.83333333,35.23529412,116.5333333,49.64285714,31.52,52.02409639,16.6,12.8,21.06666667,6,27.8625,31.25,89.53333333,44.69158879,33.80769231,11.5,22,32.2,32,14.75,16.66666667,14,,25.66666667,24.5,45,42.375,23,23.83333333,24,115.5,41.44444444,39.83333333,72.66666667,23.66666667,56,708,318,150,742,71,18,102,822,59,84,41,77,24,17,15,14,25,83,15,5,15,2,80,20,45,107,26,6,1,10,3,8,3,2,,3,6,2,8,2,6,3,4,9,6,3,3,2,0,0,0,0,0,0,0,0,0,0,0,0,0,0,0,0,0,0,0,0,0,0,0,0,0,0,0,0,0,0,0,0,0,0,,0,0,0,0,0,0,0,0,0,0,0,0,0,0,0,0,0,0,0,0,0,0,0,0,0,0,0,0,0,0,0,0,0,0,0,0,0,0,0,0,0,0,0,0,0,0,0,,0,0,0,0,0,0,0,0,0,0,0,0,0,0,0,0,0,0,0,0,0,0,0,0,0,0,0,0,0,0,0,0,0,0,0,0,0,0,0,0,0,0,0,0,0,0,0,,0,0,0,0,0,0,0,0,0,0,0,0,0
Portuguese,2.87246676,3.4171123,3.82955869,3.37826537,3.95410232,4.50282583,3.41401027,2.73449729,3.82640207,3.49037964,3.45972648,3.4683861,4.17006773,,,3.87631045,4.02187325,3.2120088,4.16286294,,4.56292334,,3.96544286,4.04775875,3.21200224,3.07640537,3.71543207,4.1150179,4.54256008,3.57157032,3.89969369,,,,4.34237888,3.59118167,,4.22360758,4.07545623,4.07191855,,,,3.6134432,3.91013417,3.92898745,,,0,0,0,0,0,0,0,0,0,0,0,0,0,,,0,0,0,0,,0,,0,0,0,0,0,0,0,0,0,,,,0,0,,0,0,0,,,,0,0,0,,,0.34813284,0.29264476,0.26112669,0.2960099,0.2529019,0.22208276,0.29291066,0.36569793,0.26134211,0.28650179,0.28904019,0.28831854,0.23980426,,,0.25797727,0.24864036,0.31133165,0.2402193,,0.21915775,,0.25217864,0.2470503,0.31133229,0.32505469,0.2691477,0.24301231,0.22014018,0.27998889,0.2564304,,,,0.23028852,0.27845988,,0.23676442,0.2453713,0.24558448,,,,0.27674435,0.2557457,0.2545185,,,0.00188372,0.00223214,0.00367647,0.00101371,0,0,0.00421627,0.00387239,0,0.02368421,0.00689655,0.01633987,0,,,0,0,0.0117284,0,,0,,0,0,0.01251097,0.04824561,0,0,0,0.00952381,0,,,,0,0.04166667,,0,0,0,,,,0.15,0,0,,,7,7,8,7,8,9,7,7,8,7,8,7,8,,,8,8,7,8,,9,,8,8,7,7,8,8,8,7,8,,,,8,8,,8,8,8,,,,8,8,8,,,614,64,17,130,10,1,64,758,7,20,30,18,1,,,2,4,81,1,,2,,5,5,68,76,14,1,1,15,2,,,,1,9,,1,2,1,,,,5,1,1,,,0,0,0,0,0,0,0,0,0,0,0,0,0,,,0,0,0,0,,0,,0,0,0,0,0,0,0,0,0,,,,0,0,,0,0,0,,,,0,0,0,,,FALSE,FALSE,FALSE,FALSE,FALSE,FALSE,FALSE,FALSE,FALSE,FALSE,FALSE,FALSE,FALSE,,,FALSE,FALSE,FALSE,FALSE,,FALSE,,FALSE,FALSE,FALSE,FALSE,FALSE,FALSE,FALSE,FALSE,FALSE,,,,FALSE,FALSE,,FALSE,FALSE,FALSE,,,,FALSE,FALSE,FALSE,,,45.87785016,45.265625,18.11764706,30.24615385,14.5,6,46.21875,60.12664908,49.71428571,88.05,71.03333333,81.38888889,22,,,114,16.25,82.43209877,18,,8,,29.2,25.8,100.2205882,158.8947368,57,61,13,85.2,89.5,,,,38,108,,54,45,84,,,,167.8,177,175,,,614,64,17,130,10,1,64,758,7,20,30,18,1,,,2,4,81,1,,2,,5,5,68,76,14,1,1,15,2,,,,1,9,,1,2,1,,,,5,1,1,,,0,0,0,0,0,0,0,0,0,0,0,0,0,,,0,0,0,0,,0,,0,0,0,0,0,0,0,0,0,,,,0,0,,0,0,0,,,,0,0,0,,,0,0,0,0,0,0,0,0,0,0,0,0,0,,,0,0,0,0,,0,,0,0,0,0,0,0,0,0,0,,,,0,0,,0,0,0,,,,0,0,0,,,0,0,0,0,0,0,0,0,0,0,0,0,0,,,0,0,0,0,,0,,0,0,0,0,0,0,0,0,0,,,,0,0,,0,0,0,,,,0,0,0,,
Romanian,2.86402778,3.16436316,3.44617247,3.00851638,3.86387142,3.86821019,3.20375285,2.6870151,3.57133538,3.37290347,3.6393794,3.61568207,3.82832518,3.6029905,3.56185063,3.4613055,3.48133998,3.22032793,3.9817826,4.40122997,3.64182233,3.9651477,3.28689899,3.75100177,3.24564346,3.01593514,3.14467431,3.65837294,3.962818,3.41969902,3.87317119,3.77849222,4.02907464,,4.29493989,3.70156556,3.75859659,3.62449911,3.46764199,3.81171373,4.043379,3.92759295,3.70305657,3.5131395,3.59668251,4.51281334,3.84801044,3.88687509,0,0,0,0,0,0,0,0,0,0,0,0,0,0,0,0,0,0,0,0,0,0,0,0,0,0,0,0,0,0,0,0,0,,0,0,0,0,0,0,0,0,0,0,0,0,0,0,0.34915862,0.31601935,0.290177,0.33238975,0.25880778,0.25851749,0.31213394,0.37216017,0.28000731,0.29648047,0.27477212,0.27657299,0.26121083,0.27754722,0.28075293,0.28890833,0.28724572,0.31052738,0.2511438,0.22720921,0.2745878,0.25219741,0.30423813,0.26659545,0.30810531,0.33157212,0.31799796,0.27334556,0.25234568,0.2924234,0.25818637,0.26465583,0.24819595,,0.23283213,0.27015596,0.26605675,0.27590019,0.2883804,0.26234919,0.2473179,0.25460887,0.27004718,0.28464568,0.27803399,0.22159126,0.25987456,0.25727608,0.00145215,0.00757305,0.00224938,0.00572908,0,0,0.00541719,0.00692279,0.00263158,0.02226721,0.00574713,0.00096618,0,0.00865801,0.05454545,0.25,0.0026455,0.00514463,0,0.02222222,0.00114943,0,0.08153846,0,0.01214834,0.05172414,0.01405622,0.00649351,0,0.01247772,0,0,0,,0,0,0.01785714,0,0.00576923,0,0,0,0,0.28571429,0.15,0,0,0,8,8,8,8,9,9,8,7,9,8,9,9,9,8,9,8,9,8,9,10,9,9,8,9,8,7,8,9,9,8,9,9,9,,9,9,9,8,9,9,9,9,9,8,8,9,9,9,710,130,154,277,27,16,207,670,20,39,30,46,22,22,11,4,28,102,11,10,30,12,26,8,69,88,84,22,5,34,4,1,1,,1,11,8,10,40,11,3,8,3,7,5,1,2,3,0,0,0,0,0,0,0,0,0,0,0,0,0,0,0,0,0,0,0,0,0,0,0,0,0,0,0,0,0,0,0,0,0,,0,0,0,0,0,0,0,0,0,0,0,0,0,0,FALSE,FALSE,FALSE,FALSE,FALSE,FALSE,FALSE,FALSE,FALSE,FALSE,FALSE,FALSE,FALSE,FALSE,FALSE,FALSE,FALSE,FALSE,FALSE,FALSE,FALSE,FALSE,FALSE,FALSE,FALSE,FALSE,FALSE,FALSE,FALSE,FALSE,FALSE,FALSE,FALSE,,FALSE,FALSE,FALSE,FALSE,FALSE,FALSE,FALSE,FALSE,FALSE,FALSE,FALSE,FALSE,FALSE,FALSE,35.62535211,66.56153846,29.01298701,52.27075812,15.25925926,19.5625,52.30917874,66.4119403,61.45,88.07692308,44.06666667,35.08695652,27.09090909,55.86363636,111.7272727,620.25,68.46428571,59.92156863,21.45454545,8.8,35.93333333,23.91666667,190.2692308,66.125,84.91304348,164.7954545,94.57142857,55.36363636,59.2,101.5882353,83.25,411,123,,42,71.72727273,64.875,103.7,55.5,58.09090909,54,40.75,180.6666667,266.7142857,220.2,15,159,91.66666667,710,130,154,277,27,16,207,670,20,39,30,46,22,22,11,4,28,102,11,10,30,12,26,8,69,88,84,22,5,34,4,1,1,,1,11,8,10,40,11,3,8,3,7,5,1,2,3,0,0,0,0,0,0,0,0,0,0,0,0,0,0,0,0,0,0,0,0,0,0,0,0,0,0,0,0,0,0,0,0,0,,0,0,0,0,0,0,0,0,0,0,0,0,0,0,0,0,0,0,0,0,0,0,0,0,0,0,0,0,0,0,0,0,0,0,0,0,0,0,0,0,0,0,0,0,0,0,0,,0,0,0,0,0,0,0,0,0,0,0,0,0,0,0,0,0,0,0,0,0,0,0,0,0,0,0,0,0,0,0,0,0,0,0,0,0,0,0,0,0,0,0,0,0,0,0,,0,0,0,0,0,0,0,0,0,0,0,0,0,0
Russian,2.84967498,3.32762453,3.90652974,3.50866794,3.85987654,4.22735498,3.68320034,2.88671916,3.93601533,3.72405424,3.98697457,3.89483089,4.05032464,4.08712033,3.98328827,4.27631943,3.81347128,3.26311092,4.21087928,5.41268523,4.32922442,5.64692357,4.15286028,4.51800123,3.56364139,3.29684175,3.85717327,5.20192471,,3.95337251,4.7246636,4.63389968,6.04424289,,4.69042753,4.30981478,4.4493272,5.22500426,4.03455397,,5.85926588,6.34670414,5.81904701,3.98407426,4.98258389,4.41971129,4.76006472,5.54366803,0,0,0,0,0,0,0,0,0,0,0,0,0,0,0,0,0,0,0,0,0,0,0,0,0,0,0,0,,0,0,0,0,,0,0,0,0,0,,0,0,0,0,0,0,0,0,0.35091721,0.30051467,0.25598167,0.28500845,0.25907564,0.23655454,0.27150302,0.34641402,0.25406405,0.26852455,0.25081675,0.25675056,0.24689379,0.24467104,0.25104887,0.23384595,0.26222828,0.30645602,0.23748009,0.18475118,0.23098826,0.17708757,0.24079789,0.22133681,0.28061185,0.30332059,0.25925722,0.19223654,,0.25294859,0.21165528,0.21580096,0.16544669,,0.21320018,0.23202853,0.22475308,0.1913874,0.24785887,,0.17066984,0.15756209,0.17184945,0.25099934,0.20069908,0.22625912,0.21008118,0.18038598,0.0005827,0.00024933,0.00020853,0.00016483,0.0010352,0,0.00051948,0.00099681,0,0.00228311,0.00039124,0,0.00238095,0.00034941,0,0,0.0040404,0.00280275,0,0,0.00197628,0,0,0,0.00223258,0.00887192,0.00320513,0,,0,0,0,0,,0,0,0.01785714,0,0,,0,0,0,0,0,0,0,0,12,11,13,12,13,12,13,9,13,13,12,12,13,12,13,13,13,12,12,15,13,14,13,13,12,12,13,14,,12,13,13,14,,13,13,14,15,13,,15,13,15,13,14,13,13,15,2268,717,139,523,70,20,176,1574,43,73,72,104,21,54,21,12,45,332,15,1,23,2,30,10,102,185,40,2,,30,5,4,2,,3,11,8,3,24,,2,1,1,10,3,3,3,1,0,0,0,0,0,0,0,0,0,0,0,0,0,0,0,0,0,0,0,0,0,0,0,0,0,0,0,0,,0,0,0,0,,0,0,0,0,0,,0,0,0,0,0,0,0,0,FALSE,FALSE,FALSE,FALSE,FALSE,FALSE,FALSE,FALSE,FALSE,FALSE,FALSE,FALSE,FALSE,FALSE,FALSE,FALSE,FALSE,FALSE,FALSE,FALSE,FALSE,FALSE,FALSE,FALSE,FALSE,FALSE,FALSE,FALSE,,FALSE,FALSE,FALSE,FALSE,,FALSE,FALSE,FALSE,FALSE,FALSE,,FALSE,FALSE,FALSE,FALSE,FALSE,FALSE,FALSE,FALSE,29.1803351,18.75174338,15.96402878,13.83556405,22.01428571,22.9,31.55113636,37.7884371,23.88372093,48.39726027,22.73611111,16.25,47.47619048,17.83333333,37.80952381,38.91666667,43.73333333,50.02108434,34.13333333,44,15.7826087,11.5,19.4,20.1,49.62745098,84.38918919,52.275,59,,48.06666667,23,37.25,16,,30.33333333,28,37.125,48,48.41666667,,16.5,12,20,82.6,137.3333333,111.6666667,22.66666667,26,2268,717,139,523,70,20,176,1574,43,73,72,104,21,54,21,12,45,332,15,1,23,2,30,10,102,185,40,2,,30,5,4,2,,3,11,8,3,24,,2,1,1,10,3,3,3,1,0,0,0,0,0,0,0,0,0,0,0,0,0,0,0,0,0,0,0,0,0,0,0,0,0,0,0,0,,0,0,0,0,,0,0,0,0,0,,0,0,0,0,0,0,0,0,0,0,0,0,0,0,0,0,0,0,0,0,0,0,0,0,0,0,0,0,0,0,0,0,0,0,0,0,,0,0,0,0,,0,0,0,0,0,,0,0,0,0,0,0,0,0,0,0,0,0,0,0,0,0,0,0,0,0,0,0,0,0,0,0,0,0,0,0,0,0,0,0,0,0,,0,0,0,0,,0,0,0,0,0,,0,0,0,0,0,0,0,0
Slovak,3.36629861,3.51378728,3.42797762,3.04628376,3.74424037,3.71272142,3.80104628,3.17248,4.14038477,3.50639736,4.09379277,3.83814889,,3.89406268,4.86465802,4.73511641,3.98791589,3.69170692,3.81143778,5.17268041,3.84463049,4.8878595,3.88544767,3.60460807,3.86209119,3.99323671,3.8736308,4.24814755,,4.0567953,,4.83493112,5.52710868,5.54338194,,4.93740433,,4.66083944,4.48179475,,,,3.70635624,5.03415774,,5.30999758,,,0,0,0,0,0,0,0,0,0,0,0,0,,0,0,0,0,0,0,0,0,0,0,0,0,0,0,0,,0,,0,0,0,,0,,0,0,,,,0,0,,0,,,0.29706218,0.28459321,0.29171719,0.32826883,0.26707687,0.26934421,0.26308546,0.31521081,0.24152345,0.28519301,0.24427226,0.26054226,,0.25680121,0.2055643,0.21118805,0.25075755,0.27087741,0.26236818,0.19332337,0.26010302,0.20458853,0.2573706,0.27742267,0.25892708,0.25042342,0.25815573,0.23539672,,0.24649999,,0.20682818,0.18092642,0.18039529,,0.20253557,,0.21455363,0.2231249,,,,0.26980677,0.19864296,,0.188324,,,0.00141039,0.00301811,0.00193498,0.00295612,0.02614379,0.03846154,0.00069881,0.00203152,0,0.00661376,0,0.00211416,,0,0,0,0,0.01578947,0.01428571,0,0.00689655,0,0.00623886,0.07777778,0,0.0125,0.02564103,0,,0.08333333,,0,0,0,,0,,0,0,,,,0,0,,0,,,8,8,8,7,8,8,8,8,9,8,9,8,,8,9,9,8,8,8,9,8,9,8,8,8,8,8,9,,9,,9,10,10,,9,,9,9,,,,8,9,,10,,,171,71,153,311,18,13,54,230,15,28,23,44,,1,3,2,2,20,15,5,30,2,34,10,8,16,13,5,,4,,1,1,1,,2,,1,3,,,,1,1,,1,,,0,0,0,0,0,0,0,0,0,0,0,0,,0,0,0,0,0,0,0,0,0,0,0,0,0,0,0,,0,,0,0,0,,0,,0,0,,,,0,0,,0,,,FALSE,FALSE,FALSE,FALSE,FALSE,FALSE,FALSE,FALSE,FALSE,FALSE,FALSE,FALSE,,FALSE,FALSE,FALSE,FALSE,FALSE,FALSE,FALSE,FALSE,FALSE,FALSE,FALSE,FALSE,FALSE,FALSE,FALSE,,FALSE,,FALSE,FALSE,FALSE,,FALSE,,FALSE,FALSE,,,,FALSE,FALSE,,FALSE,,,21.05263158,32.33802817,20.47058824,26.40836013,46.11111111,74.76923077,19.72222222,24.25217391,25.26666667,64.67857143,16.43478261,21.20454545,,386,21.33333333,19.5,165,58.25,45.53333333,10,24.2,8.5,24.88235294,127.8,65.625,43.25,43.61538462,41.2,,119.75,,13,14,12,,22,,77,29,,,,808,15,,22,,,171,71,153,311,18,13,54,230,15,28,23,44,,1,3,2,2,20,15,5,30,2,34,10,8,16,13,5,,4,,1,1,1,,2,,1,3,,,,1,1,,1,,,0,0,0,0,0,0,0,0,0,0,0,0,,0,0,0,0,0,0,0,0,0,0,0,0,0,0,0,,0,,0,0,0,,0,,0,0,,,,0,0,,0,,,0,0,0,0,0,0,0,0,0,0,0,0,,0,0,0,0,0,0,0,0,0,0,0,0,0,0,0,,0,,0,0,0,,0,,0,0,,,,0,0,,0,,,0,0,0,0,0,0,0,0,0,0,0,0,,0,0,0,0,0,0,0,0,0,0,0,0,0,0,0,,0,,0,0,0,,0,,0,0,,,,0,0,,0,,
Slovenian,3.15321454,3.24655607,3.23222222,2.88977851,3.58223085,3.87998354,3.23901582,2.84818405,3.76068426,3.65924054,3.63395007,3.52650114,4.23415265,,3.73503469,4.16011996,3.87998354,3.5170508,4.00241077,4.91879814,3.59267963,4.049562,3.63548159,4.05692109,3.90097613,3.31294837,3.41611842,3.83499941,4.73185934,3.84158532,3.81724097,4.32347407,4.96330707,4.22614218,4.40914971,4.08084906,3.80230507,4.07114299,3.65837596,3.91003175,4.68281783,4.01928731,,,,,,3.96142538,0,0,0,0,0,0,0,0,0,0,0,0,0,,0,0,0,0,0,0,0,0,0,0,0,0,0,0,0,0,0,0,0,0,0,0,0,0,0,0,0,0,,,,,,0,0.31713668,0.30801871,0.30938467,0.34604728,0.27915566,0.25773305,0.30873576,0.35110091,0.26590906,0.27328075,0.27518265,0.28356718,0.23617476,,0.26773513,0.24037768,0.25773305,0.28432913,0.24984942,0.2033017,0.27834377,0.24694029,0.27506672,0.24649235,0.2563461,0.30184594,0.2927299,0.26075623,0.21133342,0.2603092,0.26196931,0.23129548,0.20147857,0.23662242,0.2268011,0.24504704,0.26299836,0.24563126,0.27334533,0.2557524,0.21354664,0.24880033,,,,,,0.25243439,0.00059115,0.00185057,0.00057441,0.00191847,0.03846154,0,0.00137302,0.00274766,0.00307692,0.01315789,0.00032457,0.0006865,0,,0,0,0,0.02173913,0,0,0.00431373,0,0.025,0.02380952,0.01388889,0.04367816,0.00719246,0,0,0.01282051,0,0,0,0,0,0,0.06666667,0,0.00403226,0.01388889,0,0,,,,,,0,7,8,8,7,9,9,8,8,9,8,8,9,9,,9,9,9,9,9,10,9,9,9,9,9,9,9,9,10,9,9,10,10,9,10,9,9,9,9,9,10,9,,,,,,9,395,132,369,556,14,1,213,517,26,20,79,115,1,,3,4,1,23,15,4,51,18,16,7,9,30,64,6,2,13,5,2,2,3,1,8,6,4,32,9,1,6,,,,,,2,0,0,0,0,0,0,0,0,0,0,0,0,0,,0,0,0,0,0,0,0,0,0,0,0,0,0,0,0,0,0,0,0,0,0,0,0,0,0,0,0,0,,,,,,0,FALSE,FALSE,FALSE,FALSE,FALSE,FALSE,FALSE,FALSE,FALSE,FALSE,FALSE,FALSE,FALSE,,FALSE,FALSE,FALSE,FALSE,FALSE,FALSE,FALSE,FALSE,FALSE,FALSE,FALSE,FALSE,FALSE,FALSE,FALSE,FALSE,FALSE,FALSE,FALSE,FALSE,FALSE,FALSE,FALSE,FALSE,FALSE,FALSE,FALSE,FALSE,,,,,,FALSE,20.4835443,33.89393939,17.80487805,30.79856115,111,334,30.51173709,36.83945841,37.34615385,66.9,21.65822785,22.35652174,203,,292,62,334,84.34782609,25.4,8,32.78431373,20.72222222,83,42.85714286,54.77777778,121.3,49.984375,77.83333333,20,58.07692308,134.8,56.5,9.5,73.66666667,112,25.625,109.3333333,61.25,41.40625,62,17,44.66666667,,,,,,135,395,132,369,556,14,1,213,517,26,20,79,115,1,,3,4,1,23,15,4,51,18,16,7,9,30,64,6,2,13,5,2,2,3,1,8,6,4,32,9,1,6,,,,,,2,0,0,0,0,0,0,0,0,0,0,0,0,0,,0,0,0,0,0,0,0,0,0,0,0,0,0,0,0,0,0,0,0,0,0,0,0,0,0,0,0,0,,,,,,0,0,0,0,0,0,0,0,0,0,0,0,0,0,,0,0,0,0,0,0,0,0,0,0,0,0,0,0,0,0,0,0,0,0,0,0,0,0,0,0,0,0,,,,,,0,0,0,0,0,0,0,0,0,0,0,0,0,0,,0,0,0,0,0,0,0,0,0,0,0,0,0,0,0,0,0,0,0,0,0,0,0,0,0,0,0,0,,,,,,0
Spanish,3.13817496,3.38744386,3.49230942,3.02563433,3.79045659,3.92740744,3.3057562,2.82868979,3.45460332,3.25591583,3.48568861,3.4238449,3.97291175,3.89493879,4.7531264,3.93373144,3.51920019,3.45510349,4.01111985,4.0919013,3.74457254,4.12923273,3.51327218,3.87176607,3.43680033,3.05331337,3.12159835,3.60457541,3.65740013,3.55553268,3.78611278,3.53688034,3.90465761,4.06960331,3.68805227,3.68007713,3.51465853,3.71194024,3.5495423,3.70596825,4.12913734,3.7542027,3.59135839,3.49996256,3.5529784,3.59856597,4.02746368,3.9926801,0,0,0,0,0,0,0,0,0,0,0,0,0,0,0,0,0,0,0,0,0,0,0,0,0,0,0,0,0,0,0,0,0,0,0,0,0,0,0,0,0,0,0,0,0,0,0,0,0.31865655,0.29520784,0.28634347,0.33050921,0.26382046,0.2546209,0.30250265,0.35352056,0.28946884,0.30713325,0.28688736,0.2920693,0.25170456,0.25674344,0.21038784,0.25421156,0.28415547,0.28942693,0.24930694,0.24438517,0.26705318,0.24217574,0.28463494,0.25828007,0.29096831,0.32751306,0.32034871,0.27742519,0.27341827,0.28125181,0.26412314,0.28273504,0.2561044,0.2457242,0.27114583,0.27173344,0.28452266,0.26940089,0.28172646,0.26983502,0.24218134,0.26636814,0.27844617,0.28571734,0.28145401,0.27788847,0.24829522,0.25045833,0.00091136,0.00228938,0.00037391,0.00207263,0.00065847,0.00015803,0.00133333,0.00419106,0.01214575,0.02547468,0.00637755,0.00376238,0,0,0,0,0.00091533,0.0044757,0,0,0.0004662,0,0.00705128,0,0.00474898,0.04775694,0.00828722,0.00265957,0,0.00395257,0,0.2,0,0,0.02222222,0.01111111,0.00492611,0,0.0020202,0.01111111,0,0,0.11904762,0.09722222,0.16666667,0.05,0,0,7,8,8,7,8,8,8,7,8,8,8,8,8,8,9,8,8,8,8,8,8,8,8,8,8,7,7,8,8,8,8,8,8,8,8,8,8,8,8,8,8,8,8,8,8,8,8,8,629,105,194,747,68,113,250,1281,39,80,49,101,8,56,1,3,115,69,10,9,66,18,40,17,67,148,268,48,19,23,4,6,13,4,10,10,29,9,45,10,4,13,7,9,9,5,1,2,0,0,0,0,0,0,0,0,0,0,0,0,0,0,0,0,0,0,0,0,0,0,0,0,0,0,0,0,0,0,0,0,0,0,0,0,0,0,0,0,0,0,0,0,0,0,0,0,FALSE,FALSE,FALSE,FALSE,FALSE,FALSE,FALSE,FALSE,FALSE,FALSE,FALSE,FALSE,FALSE,FALSE,FALSE,FALSE,FALSE,FALSE,FALSE,FALSE,FALSE,FALSE,FALSE,FALSE,FALSE,FALSE,FALSE,FALSE,FALSE,FALSE,FALSE,FALSE,FALSE,FALSE,FALSE,FALSE,FALSE,FALSE,FALSE,FALSE,FALSE,FALSE,FALSE,FALSE,FALSE,FALSE,FALSE,FALSE,37.25119237,72.97142857,25.3814433,56.88621151,14.69117647,8.610619469,47.148,81.26932084,116.1538462,165.775,80.97959184,56.38613861,49.25,14.01785714,11,97,28.54782609,66.86956522,28.6,31.66666667,24.22727273,12.38888889,88.125,42.29411765,83.10447761,246.25,108.8768657,60.35416667,80.10526316,117.5652174,154.25,425.5,47.61538462,54.5,134.3,128.8,110.9310345,124.7777778,76.95555556,135.9,32.75,72.69230769,272.8571429,375.7777778,335.6666667,366.4,194,185.5,629,105,194,747,68,113,250,1281,39,80,49,101,8,56,1,3,115,69,10,9,66,18,40,17,67,148,268,48,19,23,4,6,13,4,10,10,29,9,45,10,4,13,7,9,9,5,1,2,0,0,0,0,0,0,0,0,0,0,0,0,0,0,0,0,0,0,0,0,0,0,0,0,0,0,0,0,0,0,0,0,0,0,0,0,0,0,0,0,0,0,0,0,0,0,0,0,0,0,0,0,0,0,0,0,0,0,0,0,0,0,0,0,0,0,0,0,0,0,0,0,0,0,0,0,0,0,0,0,0,0,0,0,0,0,0,0,0,0,0,0,0,0,0,0,0,0,0,0,0,0,0,0,0,0,0,0,0,0,0,0,0,0,0,0,0,0,0,0,0,0,0,0,0,0,0,0,0,0,0,0,0,0,0,0,0,0,0,0,0,0,0,0
Swedish,2.81979493,3.16091153,5.23181231,3.79893497,4.42251399,4.57414981,3.95184029,2.67848007,3.61869923,3.17996349,4.17372357,4.66225522,4.79057254,5.50086096,3.53704202,3.98267327,4.57414981,3.32013113,4.97535514,,,,4.62810718,3.86811235,3.25797429,3.2199516,4.4585127,,,4.13721481,,,,,,4.50704907,,,4.43623547,,,,4.02459105,3.65351916,3.93359879,3.72513991,5.19871933,4.37419285,0,0,0,0,0,0,0,0,0,0,0,0,0,0,0,0,0,0,0,,,,0,0,0,0,0,,,0,,,,,,0,,,0,,,,0,0,0,0,0,0,0.35463572,0.31636444,0.19113836,0.26323167,0.22611573,0.21861986,0.25304666,0.37334607,0.27634239,0.31446902,0.23959421,0.21448847,0.20874332,0.18178972,0.28272211,0.25108763,0.21861986,0.30119292,0.20099068,,,,0.21607105,0.25852403,0.30693919,0.31056367,0.22429004,,,0.2417085,,,,,,0.22187466,,,0.22541635,,,,0.24847245,0.27370871,0.25422013,0.26844629,0.19235507,0.22861361,0.00113308,0.00584127,0,0.00043029,0,0,0,0.00265089,0.01818182,0.00901899,0,0,0,0,0.01111111,0,0,0.01122527,0,,,,0,0,0.01055901,0.03020993,0,,,0,,,,,,0,,,0,,,,0,0.03333333,0,0,0,0,8,8,11,9,10,10,9,7,9,9,10,10,10,11,9,9,10,9,11,,,,10,9,8,9,9,,,9,,,,,,10,,,10,,,,10,9,9,9,11,9,807,126,1,84,6,1,20,830,11,80,18,5,2,1,10,3,1,73,1,,,,2,3,70,63,1,,,7,,,,,,3,,,2,,,,6,6,1,2,1,1,0,0,0,0,0,0,0,0,0,0,0,0,0,0,0,0,0,0,0,,,,0,0,0,0,0,,,0,,,,,,0,,,0,,,,0,0,0,0,0,0,FALSE,FALSE,FALSE,FALSE,FALSE,FALSE,FALSE,FALSE,FALSE,FALSE,FALSE,FALSE,FALSE,FALSE,FALSE,FALSE,FALSE,FALSE,FALSE,,,,FALSE,FALSE,FALSE,FALSE,FALSE,,,FALSE,,,,,,FALSE,,,FALSE,,,,FALSE,FALSE,FALSE,FALSE,FALSE,FALSE,26.72118959,54.03174603,6,10.83333333,9.5,11,22.85,38.72289157,105.7272727,74.55,10.88888889,8.6,13,9,129.9,73,11,59.56164384,17,,,,8.5,74.33333333,75.72857143,98.36507937,72,,,26,,,,,,19.66666667,,,25,,,,31.83333333,133,272,311,11,43,807,126,1,84,6,1,20,830,11,80,18,5,2,1,10,3,1,73,1,,,,2,3,70,63,1,,,7,,,,,,3,,,2,,,,6,6,1,2,1,1,0,0,0,0,0,0,0,0,0,0,0,0,0,0,0,0,0,0,0,,,,0,0,0,0,0,,,0,,,,,,0,,,0,,,,0,0,0,0,0,0,0,0,0,0,0,0,0,0,0,0,0,0,0,0,0,0,0,0,0,,,,0,0,0,0,0,,,0,,,,,,0,,,0,,,,0,0,0,0,0,0,0,0,0,0,0,0,0,0,0,0,0,0,0,0,0,0,0,0,0,,,,0,0,0,0,0,,,0,,,,,,0,,,0,,,,0,0,0,0,0,0
Turkish,3.31815614,4.84088598,3.26503165,3.72915254,,,3.20298373,4.03820072,,,,3.80018083,,,,,,,,,,,,,,,,,,,,,,,,,,,,,,,,,,,,,0,0,0,0,,,0,0,,,,0,,,,,,,,,,,,,,,,,,,,,,,,,,,,,,,,,,,,,0.3013722,0.20657376,0.30627575,0.26815744,,,0.31220889,0.24763504,,,,0.26314537,,,,,,,,,,,,,,,,,,,,,,,,,,,,,,,,,,,,,0.09558824,0,0.14210526,0,,,0.19871795,0,,,,0,,,,,,,,,,,,,,,,,,,,,,,,,,,,,,,,,,,,,9,10,9,8,,,8,9,,,,9,,,,,,,,,,,,,,,,,,,,,,,,,,,,,,,,,,,,,17,1,20,4,,,13,1,,,,1,,,,,,,,,,,,,,,,,,,,,,,,,,,,,,,,,,,,,0,0,0,0,,,0,0,,,,0,,,,,,,,,,,,,,,,,,,,,,,,,,,,,,,,,,,,,FALSE,FALSE,FALSE,FALSE,,,FALSE,FALSE,,,,FALSE,,,,,,,,,,,,,,,,,,,,,,,,,,,,,,,,,,,,,122.8823529,12,129.05,125.5,,,212.2307692,135,,,,233,,,,,,,,,,,,,,,,,,,,,,,,,,,,,,,,,,,,,17,1,20,4,,,13,1,,,,1,,,,,,,,,,,,,,,,,,,,,,,,,,,,,,,,,,,,,0,0,0,0,,,0,0,,,,0,,,,,,,,,,,,,,,,,,,,,,,,,,,,,,,,,,,,,0,0,0,0,,,0,0,,,,0,,,,,,,,,,,,,,,,,,,,,,,,,,,,,,,,,,,,,0,0,0,0,,,0,0,,,,0,,,,,,,,,,,,,,,,,,,,,,,,,,,,,,,,,,,,
Ukranian,3.04924495,3.43998516,3.60265723,3.22476753,4.11932847,,3.70354698,2.92174389,3.94124984,3.92924822,4.02372058,4.1659405,,,,3.97346238,4.85663441,3.79116766,4.56968978,4.90497596,4.34211348,5.06587163,4.43876404,4.23540795,3.9320352,3.57284582,4.02441004,5.06243366,5.55017171,4.33137683,5.09572276,5.09883866,5.10745504,5.54249141,5.13718389,4.75962799,4.62191695,5.4694349,4.38838951,4.84615385,,5.05800812,,4.82000375,5.36827974,5.71813924,,,0,0,0,0,0,,0,0,0,0,0,0,,,,0,0,0,0,0,0,0,0,0,0,0,0,0,0,0,0,0,0,0,0,0,0,0,0,0,,0,,0,0,0,,,0.32795004,0.29069893,0.2775729,0.31009987,0.24275801,,0.27001143,0.34226135,0.25372662,0.25450161,0.2485262,0.24004183,,,,0.25166968,0.20590391,0.26377098,0.21883324,0.2038746,0.23030259,0.1973994,0.22528794,0.23610477,0.25432122,0.27988893,0.24848363,0.19753345,0.18017461,0.23087347,0.19624302,0.19612309,0.19579223,0.18042428,0.19465918,0.21010045,0.21636044,0.18283424,0.22787403,0.20634921,,0.19770629,,0.20746872,0.18627941,0.17488207,,,0.00048168,0.00076258,0.00034775,0.0005233,0,,0.00013328,0.00111245,0.00153846,0.00088652,0.00039216,0.00019026,,,,0,0,0.00382653,0,0,0,0,0,0.00980392,0.00178253,0.00846945,0.00641026,0,0,0,0,0,0,0,0,0,0,0,0,0,,0,,0,0,0,,,9,9,9,9,10,,10,9,9,10,9,10,,,,10,11,10,10,11,10,11,10,10,10,9,9,10,11,10,10,11,11,11,11,10,10,12,10,11,,11,,11,11,11,,,791,281,215,497,24,,123,703,26,48,51,73,,,,2,2,49,13,6,19,2,18,18,34,58,13,3,2,10,1,3,2,1,2,4,3,2,10,4,,1,,3,1,1,,,0,0,0,0,0,,0,0,0,0,0,0,,,,0,0,0,0,0,0,0,0,0,0,0,0,0,0,0,0,0,0,0,0,0,0,0,0,0,,0,,0,0,0,,,FALSE,FALSE,FALSE,FALSE,FALSE,,FALSE,FALSE,FALSE,FALSE,FALSE,FALSE,,,,FALSE,FALSE,FALSE,FALSE,FALSE,FALSE,FALSE,FALSE,FALSE,FALSE,FALSE,FALSE,FALSE,FALSE,FALSE,FALSE,FALSE,FALSE,FALSE,FALSE,FALSE,FALSE,FALSE,FALSE,FALSE,,FALSE,,FALSE,FALSE,FALSE,,,12.93552465,13.55516014,12.14418605,13.47283702,22.5,,16.92682927,19.94167852,31.26923077,19.45833333,14.23529412,9.726027397,,,,240.5,31,28.18367347,14.92307692,12.83333333,16.78947368,21.5,13.88888889,23.61111111,28.91176471,44.70689655,50.07692308,22.33333333,10,23.7,21,22.66666667,18,12,12.5,17.75,37.66666667,12,21,20.5,,13,,28.33333333,30,6,,,791,281,215,497,24,,123,703,26,48,51,73,,,,2,2,49,13,6,19,2,18,18,34,58,13,3,2,10,1,3,2,1,2,4,3,2,10,4,,1,,3,1,1,,,0,0,0,0,0,,0,0,0,0,0,0,,,,0,0,0,0,0,0,0,0,0,0,0,0,0,0,0,0,0,0,0,0,0,0,0,0,0,,0,,0,0,0,,,0,0,0,0,0,,0,0,0,0,0,0,,,,0,0,0,0,0,0,0,0,0,0,0,0,0,0,0,0,0,0,0,0,0,0,0,0,0,,0,,0,0,0,,,0,0,0,0,0,,0,0,0,0,0,0,,,,0,0,0,0,0,0,0,0,0,0,0,0,0,0,0,0,0,0,0,0,0,0,0,0,0,,0,,0,0,0,,
Urdu,2.98231152,,3.26410719,3.29872699,,3.73318424,2.65939352,3.07785616,,,3.64068817,,3.845234,,,,3.26378258,,,,3.45956641,3.47513765,,,,,3.19657605,2.72212663,3.51083964,,,,,,3.67584308,,,,3.67481074,3.70999656,3.7538713,,,,,,,,0,,0,0,,0,0,0,,,0,,0,,,,0,,,,0,0,,,,,0,0,0,,,,,,0,,,,0,0,0,,,,,,,,0.33531038,,0.30636249,0.30314725,,0.26786784,0.37602558,0.32490147,,,0.27467335,,0.2600622,,,,0.30639296,,,,0.28905356,0.28775839,,,,,0.31283473,0.36735984,0.28483215,,,,,,0.27204643,,,,0.27212286,0.26954203,0.26639166,,,,,,,,0.01166781,,0.0018646,0.15,,0,0.02583755,0.1047619,,,0,,0,,,,0.05238095,,,,0,0.00909091,,,,,0.25,0.2,0,,,,,,0,,,,0,0,0,,,,,,,,7,,7,7,,7,6,6,,,7,,7,,,,7,,,,7,7,,,,,6,6,7,,,,,,7,,,,7,7,7,,,,,,,,94,,84,5,,5,113,21,,,12,,2,,,,15,,,,2,11,,,,,5,20,3,,,,,,1,,,,4,5,1,,,,,,,,0,,0,0,,0,0,0,,,0,,0,,,,0,,,,0,0,,,,,0,0,0,,,,,,0,,,,0,0,0,,,,,,,,FALSE,,FALSE,FALSE,,FALSE,FALSE,FALSE,,,FALSE,,FALSE,,,,FALSE,,,,FALSE,FALSE,,,,,FALSE,FALSE,FALSE,,,,,,FALSE,,,,FALSE,FALSE,FALSE,,,,,,,,56.67021277,,22.29761905,211.8,,18.8,104.7964602,150.4285714,,,23.08333333,,29,,,,109.1333333,,,,178.5,54,,,,,332.2,420,136.3333333,,,,,,94,,,,49.5,33.4,86,,,,,,,,94,,84,5,,5,113,21,,,12,,2,,,,15,,,,2,11,,,,,5,20,3,,,,,,1,,,,4,5,1,,,,,,,,0,,0,0,,0,0,0,,,0,,0,,,,0,,,,0,0,,,,,0,0,0,,,,,,0,,,,0,0,0,,,,,,,,0,,0,0,,0,0,0,,,0,,0,,,,0,,,,0,0,,,,,0,0,0,,,,,,0,,,,0,0,0,,,,,,,,0,,0,0,,0,0,0,,,0,,0,,,,0,,,,0,0,,,,,0,0,0,,,,,,0,,,,0,0,0,,,,,,,
